Name,Hook Type,Instagram URL,Random Hook Generator Number,Schedule Date,Used??
There are # things I like to do when I buy a new (insert noun).,EDUCATIONAL INSPO HOOK,https://www.instagram.com/p/DGMg-VPtL98/,744,,No
Here’s how the form of (insert noun) you add into (insert noun) affects them.,EDUCATIONAL INSPO HOOK,https://www.instagram.com/p/DD-sH_PPLJ4/,973,,No
We pretty much (insert action) our entire (insert noun) into (insert noun).,STORYTELLING INSPO HOOK,https://www.instagram.com/p/DC-CO9QTF3R/,640,,No
You only have to be dialed in on # of things to be an elite (insert title).,EDUCATIONAL INSPO HOOK,https://www.instagram.com/kelseypoulter/reel/DAK0EOTRweE/,230,,No
Hey everyone I am (insert name) I am (insert age) and I am starting a (insert business) from scratch.,STORYTELLING INSPO HOOK,https://www.instagram.com/p/DDEBm2jOYMG/,632,,No
X days/months/years I (insert life event) and decided to quit (insert bad habit),STORYTELLING INSPO HOOK,https://www.instagram.com/reel/DEd9AFGydqg/,144,,No
"I do not believe in (insert common belief), I believe in (insert your belief).",RANDOM INSPO HOOK,https://www.instagram.com/reel/DFAu11XxvX-/,353,,No
I literally used to have a (insert before state).,AUTHORITY INSPO HOOK,https://www.instagram.com/share/_grFmUWDX,505,,No
How to dress like a (insert person).,EDUCATIONAL INSPO HOOK,https://www.instagram.com/reel/DCRJoGbo3oa/,210,,No
If you gave me (insert time frame) to get a job as a (insert title) this is what I would do.,EDUCATIONAL INSPO HOOK,https://www.instagram.com/p/DHAewSpJVWu/,235,,No
This is a picture of my (insert what picture is of),STORYTELLING INSPO HOOK,https://www.instagram.com/reel/C_njKwBOuLi/,65,,No
Both these (insert noun) are exactly the same. I have not changed a single (insert noun). But this one is (insert metic) and this one is (insert metric).,COMPARISON INSPO HOOK,https://www.instagram.com/p/DB67qDIih-2/,426,,No
I worked (insert hours) in just (insert days) making all of this (insert noun) for my (insert noun).,STORYTELLING INSPO HOOK,https://www.instagram.com/p/DGMTIk2s5Bq/,770,,No
I (insert action) almost everyday for a week and here is what happened.,STORYTELLING INSPO HOOK,https://www.instagram.com/p/DCAJiSMPRyj/,29,,No
"The reason your (insert noun) sucks, is because you have no freaking (insert adjective).",EDUCATIONAL INSPO HOOK,https://www.instagram.com/p/DIwiSA7zyyd/,620,,No
How to start your (insert noun) from scratch.,EDUCATIONAL INSPO HOOK,https://www.instagram.com/reel/DG1VtMUSQ9h/,795,,No
"Okay (insert pain point), how about we don't f up (insert current year)",EDUCATIONAL INSPO HOOK,https://www.instagram.com/p/DDiWd5eSlPC/,648,,No
As an (insert trait) responsible (insert age) year old with a goal to (insert goal) here are 3 things I will never regret doing.,EDUCATIONAL INSPO HOOK,https://www.instagram.com/reel/DBZT2Q5RJ2W/,275,,No
Person #1: What aren't my (insert noun) (insert adjective)? Person #2: It’s because your (insert common mistake),EDUCATIONAL INSPO HOOK,https://www.instagram.com/reel/DCUaqmTzGkG/,577,,No
After (insert dream result) here is one thing I learned the hard way so you don't have to.,AUTHORITY INSPO HOOK,https://www.instagram.com/p/DFdP6ttxN-a/,625,,No
Hi my name is (insert name) and this was me (insert time frame) ago a (insert label) in (insert noun).,STORYTELLING INSPO HOOK,https://www.instagram.com/p/DIO1bNruotJ/,507,,No
(insert name) what is your (insert title) trigger?,EDUCATIONAL INSPO HOOK,https://www.instagram.com/reel/DHyUjujMh6O/,714,,No
Over the last (insert time) I have been finding a lot of cool things over (insert location). And today I am finally finishing my (insert project).,STORYTELLING INSPO HOOK,https://www.instagram.com/reel/DDc9OJlvOMl/,531,,No
Here’s exactly how much (insert action/item) you need to (insert result),EDUCATIONAL INSPO HOOK,https://www.instagram.com/reel/C9vqgHxuz1E/,543,,No
"# lessons, # of (insert person/persons), in # of days/weeks/months.",EDUCATIONAL INSPO HOOK,https://www.instagram.com/p/DH64SMas1b1/,46,,No
"When I (insert action), people said (insert feedback)",STORYTELLING INSPO HOOK,https://www.instagram.com/reel/DEj-ntbyxb_/,991,,No
X years it took me from (insert bad situation/result) to (insert good situation/result),STORYTELLING INSPO HOOK,https://www.instagram.com/p/C8Cpii4PB1u/,811,,No
"If you don’t have (insert item/action), do (insert item/action).",EDUCATIONAL INSPO HOOK,https://www.instagram.com/p/C8rJipAy8I8/,811,,No
Here is how I make (insert noun) that lasts up to (insert time frame) and only costs (insert $).,EDUCATIONAL INSPO HOOK,https://www.instagram.com/p/DG_4uqYOrJ_/,948,,No
Everyone tells you to do (insert action) but you think it’s too late because you are (Insert age). I am a (insert occupation) and these are # of things you need to know in your (Insert age).,EDUCATIONAL INSPO HOOK,https://www.instagram.com/calltoleap/reel/C4wQD6DPqTe/,473,,No
If you wear a (insert noun) or (insert noun) with (insert noun) and a different (insert trait) (insert noun) then you have (insert result).,EDUCATIONAL INSPO HOOK,https://www.instagram.com/reel/DG1XhISy7_f/,864,,No
I spent (insert #) whole years with (insert condition) so you don’t have too.,EDUCATIONAL INSPO HOOK,https://www.instagram.com/reel/C8fU6cyP3Hc/,910,,No
How long does it take to catch (insert high number) of (insert noun)?,STORYTELLING INSPO HOOK,https://www.instagram.com/p/DIIU8EuRq_H/,797,,No
This (insert noun) has something in it called (insert name). (insert verb) enough of these and they will kill you.,EDUCATIONAL INSPO HOOK,https://www.instagram.com/reel/DI6uLtcJhqi/,102,,No
This is what (insert noun) looks like. I am a pro (insert title) and this is the proper way to (insert action).,EDUCATIONAL INSPO HOOK,https://www.instagram.com/p/DEnW3Mmvswc/,327,,No
"My (insert person) takes me to the doctor, because I am (insert age) and already (insert action).",STORYTELLING INSPO HOOK,https://www.instagram.com/reel/DF-i8pixfba/,509,,No
The viral (insert noun) hack that landed me in (insert news/magazine outlet).,EDUCATIONAL INSPO HOOK,https://www.instagram.com/reel/CzohD-xx_17/,276,,No
"This is how much (insert dream result) you achieve if you (insert action), and this is how much (insert dream result) if you (insert action) and these # of hacks.",EDUCATIONAL INSPO HOOK,https://www.instagram.com/p/DE8lZdOOLDa/,55,,No
Did you know that there are # types of (insert noun).,EDUCATIONAL INSPO HOOK,https://www.instagram.com/p/DIANQRkyYLb/,480,,No
"It's time to throw away your (insert item), you don’t need it anymore.",MYTH BUSTING INSPO HOOK,https://www.instagram.com/reel/C6qt2B4NKA1/,247,,No
(insert well known person or brand) is trying to get this video removed from the internet because he/she exposes their product for being (insert negative result). Watch this now before it's gone.,MYTH BUSTING INSPO HOOK,https://www.instagram.com/p/DB7OnuqSYBr/,411,,No
If you (insert verb) and (insert action) and it doesn't (insert result) it’s time to (insert action).,EDUCATIONAL INSPO HOOK,https://www.instagram.com/reel/DDxwEtsyLDo/,227,,No
My one goal this year was to showcase just how interesting (insert noun) is.,STORYTELLING INSPO HOOK,https://www.instagram.com/reel/DEDVhdrSfbP/,262,,No
I am on a journey to find the best (insert noun) for (insert target audience) and today we went to (insert location).,STORYTELLING INSPO HOOK,https://www.instagram.com/reel/DF0gUSRPywO/,220,,No
Don't (insert action) until you've done this one thing.,MYTH BUSTING INSPO HOOK,https://www.instagram.com/p/DA0kc0DCM0h/,979,,No
"It all started when this boy/girl, (insert action).",STORYTELLING INSPO HOOK,https://www.instagram.com/p/DC5ioSRMrnS/,775,,No
(Insert noun) is cringe right now but let me tell you what a game changer it was for me.,STORYTELLING INSPO HOOK,https://www.instagram.com/p/DCmBEffyaPC/,976,,No
"Both groups gained the same amount of (insert noun). Expect this grouped (insert action) # days a week, and this group (insert action) #.",COMPARISON INSPO HOOK,https://www.instagram.com/reel/DCRDDUuC1YL/,331,,No
I spent (insert $) on new (insert noun) for my (insert noun).,EDUCATIONAL INSPO HOOK,https://www.instagram.com/p/DGN72MwpsAB/,281,,No
"(Insert last year) (insert noun), (insert current year) (insert noun).",EDUCATIONAL INSPO HOOK,https://www.instagram.com/p/DEDdSAESaFJ/,416,,No
"Hi i’m (insert name) and I am a (insert title), this is my (insert person) and he/she loves (insert noun).",STORYTELLING INSPO HOOK,https://www.instagram.com/reel/DGO2HGtOu-C/,279,,No
"The (insert noun) I (insert action) everyday that took me from this, to this.",AUTHORITY INSPO HOOK,https://www.instagram.com/p/DGxOv7Rp2UE/,147,,No
This girl/boy was in her/his flop era,STORYTELLING INSPO HOOK,https://www.instagram.com/reel/DAOowDot7OB/,471,,No
How to (insert verb) you (insert noun) from a (insert title).,EDUCATIONAL INSPO HOOK,https://www.instagram.com/p/C2zqnBULDa1/,707,,No
(Insert noun) for dummies.,EDUCATIONAL INSPO HOOK,https://www.instagram.com/share/BA6XRL1fXU,925,,No
(insert noun) level 1.,EDUCATIONAL INSPO HOOK,https://www.instagram.com/p/DFvT9fMIoE6/,872,,No
The worst possible thing that can happen to a man/woman is developing (insert result).,EDUCATIONAL INSPO HOOK,https://www.instagram.com/reel/DDfxpOkAk5a/,844,,No
3 levels of (insert noun).,EDUCATIONAL INSPO HOOK,https://www.instagram.com/p/DBt0hSaNxqH/,544,,No
How much do I need to make or buy a (insert price) (insert noun).,EDUCATIONAL INSPO HOOK,https://www.instagram.com/p/DCQFABDNVWG/,841,,No
Welcome back to the journey of how I got (insert result).,STORYTELLING INSPO HOOK,https://www.instagram.com/reel/DFvWgldxb80/,976,,No
Over # of you saw this video.,STORYTELLING INSPO HOOK,https://www.instagram.com/p/DF8rBLCP4SG/,926,,No
"(insert #) (insert noun) I would have this one if I was (insert verb), and I would have this one if I was (insert verb).",COMPARISON INSPO HOOK,https://www.instagram.com/p/DEyUjeIyn-w/,350,,No
"I have to ask, girl, how do you (insert adjective) so good?",EDUCATIONAL INSPO HOOK,https://www.instagram.com/p/DEnNQCEv0S6/,317,,No
Does (insert noun) really kill (insert live thing).,EDUCATIONAL INSPO HOOK,https://www.instagram.com/reel/DCvxgmazwDW/,323,,No
I am going to teach you how to identify a good (insert noun) to a bad (insert noun).,EDUCATIONAL INSPO HOOK,https://www.instagram.com/p/DHWUyptyp9B/,301,,No
I have made a spreadsheet with over (insert large number) of (insert noun).,EDUCATIONAL INSPO HOOK,https://www.instagram.com/p/DIb7EjNxtK4/,167,,No
"I have never met a single person that (insert action), (insert action), (insert action), (insert action), and still has time to (insert dream result).",MYTH BUSTING INSPO HOOK,https://www.instagram.com/p/C84rOEixNKS/,426,,No
"This is (insert person) we have known each other from X years, X days, X hours, X minutes.",STORYTELLING INSPO HOOK,https://www.instagram.com/p/DHyp6wPiRgc/,268,,No
How many (insert nouns) can you make with only (insert $).,EDUCATIONAL INSPO HOOK,https://www.instagram.com/p/DFbJ-1QPOc0/,372,,No
Things that are damaging your (insert noun) without you even realizing it.,EDUCATIONAL INSPO HOOK,https://www.instagram.com/p/DDxIde3vWO7/,790,,No
A lot of people ask me what's better (insert option #1) or (insert option #2) for (insert dream result) I achieved (insert dream result) doing one of these and it's not even close.,COMPARISON INSPO HOOK,https://www.instagram.com/p/DHGn-H-xNeV/,865,,No
"(insert verb) does not mean your (insert adjective), it means your just (insert adjective).",MYTH BUSTING INSPO HOOK,https://www.instagram.com/p/DAw01riSVei/,859,,No
Today I am going to show you have to make the perfect (insert noun) because I went to (insert school) so you don’t have to.,EDUCATIONAL INSPO HOOK,https://www.instagram.com/p/DFMzB5sO4TF/,155,,No
If you can't do (insert action).,EDUCATIONAL INSPO HOOK,https://www.instagram.com/p/DC7SzidSNOX/,892,,No
I was walking past this (insert store) when I say they had (insert noun).,STORYTELLING INSPO HOOK,https://www.instagram.com/reel/DGwAia_yWQT/,453,,No
"People always ask me (insert name) (insert fact) (insert question) well, let’s find out.",EDUCATIONAL INSPO HOOK,https://www.instagram.com/reel/DDkR4liv0sV/,95,,No
"2 years, no (insert noun), and today’s the first time I get to use (insert noun).",STORYTELLING INSPO HOOK,https://www.instagram.com/reel/DHlvQJEpYK1/,704,,No
The easiest way to keep you (insert noun) (insert adjective) is to pretend...,EDUCATIONAL INSPO HOOK,https://www.instagram.com/p/DDP6BaYxh8v/,767,,No
Listen if you’re not forcing your (insert person/persons) to (insert action) in their (insert current state) don’t expect them to be (insert trait) in their (insert after state).,EDUCATIONAL INSPO HOOK,https://www.instagram.com/p/DHQ-medJYC2/,572,,No
"If I told you, you would (insert result) form (insert action) you would probably believe me right? Well here’s the thing...",EDUCATIONAL INSPO HOOK,https://www.instagram.com/p/DDfdDshTsXK/,502,,No
Remember (insert #) (insert noun) combo for you next (insert noun).,EDUCATIONAL INSPO HOOK,https://www.instagram.com/reel/C3nW4P4L_xf/,92,,No
"Believe it or not, this simple device can prevent (insert pain point), (insert pain point), and (insert pain point).",EDUCATIONAL INSPO HOOK,https://www.instagram.com/reel/C9QruINS4JX/,125,,No
I got a (insert noun) and it did not turn out to be what I expected.,STORYTELLING INSPO HOOK,https://www.instagram.com/reel/DHCVNTcy1NM/,739,,No
Is it possible to (insert dream result) while (insert action) in X days,STORYTELLING INSPO HOOK,https://www.instagram.com/reel/DEgmPM_yqsz/,630,,No
So I did (insert action) last week.,STORYTELLING INSPO HOOK,https://www.instagram.com/share/BAIu4m7QIH,450,,No
Don't touch this.,EDUCATIONAL INSPO HOOK,https://www.instagram.com/p/DAMZdJhRaKj/,807,,No
"Did you know that this, this, and this target (insert dream result).",EDUCATIONAL INSPO HOOK,https://www.instagram.com/p/DFk6dhNykvl/,156,,No
"If I can’t do it in one step, I am not doing it. This is the #1 most efficient way to (insert verb) (insert noun).",EDUCATIONAL INSPO HOOK,https://www.instagram.com/reel/DCK537Ry9-c/,172,,No
I grew about # (insert metric) in the past year at (insert age) by fixing my (insert condition) and (insert condition).,EDUCATIONAL INSPO HOOK,https://www.instagram.com/reel/DEjBuqtxzZU/,257,,No
This might be the coolest DIY I have ever made.,STORYTELLING INSPO HOOK,https://www.instagram.com/reel/DGJDrxePydv/,55,,No
"If you like these (insert job title), you'll probably like my (insert work).",RANDOM INSPO HOOK,https://www.instagram.com/p/C-S-AL0tIoy/,673,,No
I built this (insert noun) for (insert $).,EDUCATIONAL INSPO HOOK,https://www.instagram.com/reel/DDANx1BxN_O/,907,,No
Your (insert noun) is to (insert adjective) and (insert adjective). Here are # of (insert noun) to (insert result).,EDUCATIONAL INSPO HOOK,https://www.instagram.com/reel/DEKxvNauJNa/,916,,No
How to take better (insert noun).,EDUCATIONAL INSPO HOOK,https://www.instagram.com/reel/DFLP70LKvi1/,256,,No
How long does it take to complete the impossible mile.,EDUCATIONAL INSPO HOOK,https://www.instagram.com/reel/DEtSZ28PQi1/,871,,No
Here’s why I never use a (insert noun).,EDUCATIONAL INSPO HOOK,https://www.instagram.com/reel/DDK76uDzcV2/,742,,No
Let me de-influence you from (insert action).,MYTH BUSTING INSPO HOOK,https://www.instagram.com/reel/DEXaRPkOSjV/,214,,No
"I have something to address, over the last week I have gained (insert #) of followers.",STORYTELLING INSPO HOOK,https://www.instagram.com/reel/DEz23JVpGgE/,117,,No
"When we first moved to the (insert location), my (insert person) bought a (insert noun) in (insert location).",STORYTELLING INSPO HOOK,https://www.instagram.com/reel/DINcg69x3zC/,638,,No
Remember (insert method/strategy name) for you next (insert noun).,EDUCATIONAL INSPO HOOK,https://www.instagram.com/reel/C6a9V7vuein/,207,,No
For the price of this many (insert noun) at the (insert place/store/restaurant) you could make this many at home.,MYTH BUSTING INSPO HOOK,https://www.instagram.com/p/DCKUo2tSsBe/,503,,No
I am going to show you how to (insert verb) your (insert noun) so they don’t (insert pain point).,EDUCATIONAL INSPO HOOK,https://www.instagram.com/reel/DGWHu_rSbku/,508,,No
I said it before and I am going to say it again (insert mind blowing fact).,MYTH BUSTING INSPO HOOK,https://www.instagram.com/p/DDFJKmqozH6/,821,,No
A fun fact about my (insert person) (insert name) is.,STORYTELLING INSPO HOOK,https://www.instagram.com/p/DIXslTXRPiZ/,715,,No
This is what you would (insert verb) for (insert person) if you weren't terrified to talk to them.,EDUCATIONAL INSPO HOOK,https://www.instagram.com/p/C8FTNDKualt/,547,,No
"They said, “(insert famous cliché or quote)” That's a lie.",MYTH BUSTING INSPO HOOK,https://www.instagram.com/reel/DDmm7AXxKLa/,895,,No
I baited this (insert google rating) (insert title) with this (insert noun) in excellent condition to see if they would rip me off.,STORYTELLING INSPO HOOK,https://www.instagram.com/reel/DDLA77-SKTM/,411,,No
"Did you know that this, this, this, and this get (insert dream result).",EDUCATIONAL INSPO HOOK,https://www.instagram.com/share/BAExbVPhak,351,,No
I went from this to this.,AUTHORITY INSPO HOOK,https://www.instagram.com/p/DFIU9b7OS2h/,560,,No
Here are # human foods that can kill your (insert living thing).,EDUCATIONAL INSPO HOOK,https://www.instagram.com/reel/DDZ30LXs9oL/,176,,No
Day # of turning from (insert before state) to (insert after state) and suddenly I don't want to be (insert after state) anymore.,DAY IN THE LIFE INSPO HOOK,https://www.instagram.com/p/DIfVFI6P_3Z/,925,,No
"If I get this in, then I have to (insert verb).",RANDOM INSPO HOOK,https://www.instagram.com/p/DIIB3xdThFN/,60,"February 16, 2026",No
"If you're an (insert title) you should be able to do this, this, and this. If you can't I got you, just do this # step/routine/program to (insert dream result).",EDUCATIONAL INSPO HOOK,https://www.instagram.com/reel/DDo0rP9o4Yl/,647,,No
X days/months/years I (insert big risk),STORYTELLING INSPO HOOK,https://www.instagram.com/p/C_ZVKRfSMm_/,639,,No
This is every single (insert noun) in my collection.,EDUCATIONAL INSPO HOOK,https://www.instagram.com/reel/DEaUlTYI47b/,22,,No
"(insert noun) used to have (insert trait), now they don’t.",EDUCATIONAL INSPO HOOK,https://www.instagram.com/reel/C5rJryFoZZH/,448,,No
So you want to impress you (insert person) when you (insert action) this (insert upcoming time).,EDUCATIONAL INSPO HOOK,https://www.instagram.com/reel/DI2FmNmK-AN/,992,,No
"My parents had # sons/daughters/kids thiers me, my (insert person), and (insert person).",STORYTELLING INSPO HOOK,https://www.instagram.com/reel/DHIm7I7TAOU/,384,,No
"If you see (insert symptom), (insert symptom) especially on a (insert type of noun) you better worry about what’s called (insert name).",EDUCATIONAL INSPO HOOK,https://www.instagram.com/reel/DCkmbAcx2zN/,74,,No
"I am attempting to be the first person to (insert goal), day #.",STORYTELLING INSPO HOOK,https://www.instagram.com/reel/DB0ogikvRjL/,14,,No
Some people call it a problem but I call it (insert noun) genius.,STORYTELLING INSPO HOOK,https://www.instagram.com/reel/DGQvN_dJ5cK/,809,,No
"If you want to (insert dream result), (insert action) is the worst thing you can do.",EDUCATIONAL INSPO HOOK,https://www.instagram.com/reel/DFGOcEtIjFv/,881,,No
Yesterday I (insert action) in (insert hours) and (insert minutes).,STORYTELLING INSPO HOOK,https://www.instagram.com/p/DJAIpU1N7b0/,743,,No
After over a decade of (insert action) here is what I wish someone would have told me from the start.,EDUCATIONAL INSPO HOOK,https://www.instagram.com/reel/DImQ3laRb30/,368,,No
My (insert before state) used to look like this and now they look like this.,AUTHORITY INSPO HOOK,https://www.instagram.com/reel/DE7cjKBNcY4/,701,,No
"You don't have (insert pain point), your not (insert adjective), your not (insert adjective) you just need to (insert solution) and I am going to tell you how to do it.",EDUCATIONAL INSPO HOOK,https://www.instagram.com/p/DHSIRSHJuWc/,686,,No
This is what your (insert noun) looks like when you don’t take (insert noun). And this is what your (insert noun) looks like when you take (insert noun).,COMPARISON INSPO HOOK,https://www.instagram.com/reel/DIn291GI4Fa/,218,,No
"What happens when you (insert action), (insert action), (insert action), etc.",STORYTELLING INSPO HOOK,https://www.instagram.com/p/DCo8e3Xi-di/,120,,No
You cannot be (insert dream result) before you enter (insert age group).,MYTH BUSTING INSPO HOOK,https://www.instagram.com/p/DBROBQTK9De/,664,,No
Can you (insert dream result) after (insert shortcut).,STORYTELLING INSPO HOOK,https://www.instagram.com/reel/C6uGU4xxKV_/,648,,No
"Stop wearing (insert noun), it really is just like wearing (insert analogy to represent damage).",EDUCATIONAL INSPO HOOK,https://www.instagram.com/reel/DGD75qfOv40/,801,,No
There is a man/woman that comments on every single video I upload.,STORYTELLING INSPO HOOK,https://www.instagram.com/reel/DGc_8U7i-yF/,537,,No
My house has this weird (insert trait) and it’s haunted me ever since I first toured.,STORYTELLING INSPO HOOK,https://www.instagram.com/p/DI38P5ANOa1/,860,,No
I paid (insert $) to build my own dream home and pool as an (insert title). Here is the complete cost breakdown.,EDUCATIONAL INSPO HOOK,https://www.instagram.com/reel/C_J2pr9uWut/,682,,No
"I teach (insert noun) to people like they are in kindergarten, and it's time for class.",EDUCATIONAL INSPO HOOK,https://www.instagram.com/p/C-k_-Yev6DU/,103,,No
I damaged a customer's property and here’s how I handled it.,STORYTELLING INSPO HOOK,https://www.instagram.com/reel/DI8xeTdOCGp/,76,,No
It's okay f you mom didn't talk to you about,EDUCATIONAL INSPO HOOK,https://www.instagram.com/p/DCJwFyKvi03/,36,,No
X days/weeks/months/years ago I purchased (insert price) (insert noun) as a (insert label) with only a (insert price) deposit.,STORYTELLING INSPO HOOK,https://www.instagram.com/p/DHatudoNK8S/,942,,No
Want to find out what’s hiding inside one of these (insert noun) when they are not properly maintenanced?,EDUCATIONAL INSPO HOOK,https://www.instagram.com/reel/DD3L0x_yzh5/,566,,No
"Man this, (insert noun) in (insert location) is trash. Maybe I should just get this cheap (insert noun). Yeah I wouldn't do that if I were you.",EDUCATIONAL INSPO HOOK,https://www.instagram.com/reel/DE0C6tWPrdA/,398,,No
I became a (insert achievement) at (insert age) and if I could give you X pieces of advice it would be...,AUTHORITY INSPO HOOK,https://www.tiktok.com/t/ZT2MLXA1Y/,909,,No
"I have been (insert title) for (insert time) now, and I have gained (insert #) of followers just by sharing (insert content type).",STORYTELLING INSPO HOOK,https://www.instagram.com/reel/DESlFyRSaeC/,706,,No
Money can buy you (insert item) but it can not buy you (insert result).,EDUCATIONAL INSPO HOOK,https://www.instagram.com/p/DBkvHncxD2t/,950,,No
This is what it would (insert adjective) like if (insert number) of (insert noun) were in one (insert noun).,EDUCATIONAL INSPO HOOK,https://www.instagram.com/p/DICZf5jBuNh/,104,,No
"Did you know that if you (insert action, (Insert action), (insert action), etc.",EDUCATIONAL INSPO HOOK,https://www.instagram.com/p/C-Alb5KsBwA/,476,,No
(insert year) - I think I am going to (insert goal).,STORYTELLING INSPO HOOK,https://www.instagram.com/p/DDP5UpoR9Sl/,231,,No
"Welcome back to day #, where I (insert verb) a (insert noun) everyday until I am (insert adjective)",STORYTELLING INSPO HOOK,https://www.instagram.com/p/DFGbEQTziGB/,550,,No
After X years of (insert action/or habit) I stopped/started (insert action/or habit),STORYTELLING INSPO HOOK,https://www.instagram.com/reel/DEJiasASTVx/,898,,No
Let’s make (insert #) (insert noun).,STORYTELLING INSPO HOOK,https://www.instagram.com/p/DFRdOhxMQ9H/,411,,No
I started (insert business) at (age/life event) and I had no idea I would (insert result/outcome),STORYTELLING INSPO HOOK,https://www.instagram.com/reel/C_oKE1BJZnw/,167,,No
Strange (insert noun) behaviors explained.,EDUCATIONAL INSPO HOOK,https://www.instagram.com/reel/DF3E-zSuGCe/,743,,No
How to turn just one (insert noun) into a lifetime of free (insert noun).,EDUCATIONAL INSPO HOOK,https://www.instagram.com/p/DIEbK1dSZJ2/,207,,No
"(insert big brand) didn't want to sponsor this video, let me show you what they're missing out on.",RANDOM INSPO HOOK,https://www.instagram.com/p/DAlofevvKBf/,198,,No
This is why doing (insert action) makes you (insert pain point).,MYTH BUSTING INSPO HOOK,https://www.instagram.com/p/C8BpxhQNKCj/,687,,No
I'm (insert action) in (insert time) and I just (insert action).,STORYTELLING INSPO HOOK,https://www.instagram.com/p/DFf7WpdREbp/,695,,No
Here’s every (insert noun) that you actually need to know.,EDUCATIONAL INSPO HOOK,https://www.instagram.com/p/DBhdAc3RY-X/,974,,No
If you're wanting to transfer your (insert noun) from this into (insert noun).,EDUCATIONAL INSPO HOOK,https://www.instagram.com/p/DEAzDZxS0EH/,876,,No
This is a day in the life of a (insert title) (insert noun) edition.,DAY IN THE LIFE INSPO HOOK,https://www.instagram.com/p/DFn2OKuzc7i/,452,,No
X days/months/years I started (insert action) thinking it would magically solve (insert pain point) but here is what ended up happening,STORYTELLING INSPO HOOK,https://www.instagram.com/reel/DDY83YuSJ-9/,818,,No
"This is me when I (insert action) (insert frequency), and this is me still (insert action) (insert frequency).",MYTH BUSTING INSPO HOOK,https://www.instagram.com/p/DAmA1Wnqh4X/,710,,No
If I were to create a (insert noun) today this is how I would do it.,AUTHORITY INSPO HOOK,https://www.instagram.com/p/DCephvLiQuW/,254,,No
"For this (insert noun), you could have this whole (insert noun).",COMPARISON INSPO HOOK,https://www.instagram.com/noahperlofit/reel/C3dwIEGxeB0/,445,,No
This is me after (insert action) in the (insert location) with (insert condition). And this is me just (insert action) in the middle of (insert location).,COMPARISON INSPO HOOK,https://www.instagram.com/reel/DDNgWJliAUR/,666,,No
"Did you know you could take a (insert noun) like this, and quick (insert action).",EDUCATIONAL INSPO HOOK,https://www.instagram.com/reel/DHV1A68Rl1I/,333,,No
"If you keep failing your (insert noun), just figure out where you're failing it.",EDUCATIONAL INSPO HOOK,https://www.instagram.com/reel/DCUAbdBB_k_/,135,,No
This week I tried to see if I could (insert result) for all of my (insert noun) just by (insert action) the night before.,STORYTELLING INSPO HOOK,https://www.instagram.com/reel/DEIFRU_vg3e/,320,,No
(insert noun) for all the (insert condition) guys/girls out there.,EDUCATIONAL INSPO HOOK,https://www.instagram.com/reel/DIj9O4Az5GC/,955,,No
"(Insert person), (Insert person), or that one (Insert person) we just don’t have (insert title) like we did back then.",STORYTELLING INSPO HOOK,https://www.instagram.com/p/DG24V2LOxBj/,442,,No
This is the ultimate master trick to (insert result) in just # minutes.,EDUCATIONAL INSPO HOOK,https://www.instagram.com/reel/DHB1amjNDLk/,826,,No
Have you ever thought about starting your own (insert business)?,STORYTELLING INSPO HOOK,https://www.instagram.com/reel/DG4fj2xxD5n/,425,,No
"When I (insert action), people said (insert feedback).",STORYTELLING INSPO HOOK,https://www.instagram.com/reel/DEj-ntbyxb_/,796,,No
I got (insert dream result) on all of my (insert noun) with minimal (insert action) and here's how.,AUTHORITY INSPO HOOK,https://www.instagram.com/p/C6G56RQrf9N/,929,,No
Welcome back to the day in the life of two (insert label) trying to build the next (insert business).,DAY IN THE LIFE INSPO HOOK,https://www.instagram.com/p/DEnSkHQJwIx/,475,,No
Your life is boring because you don’t (insert action).,MYTH BUSTING INSPO HOOK,https://www.instagram.com/reel/DFAr9dPA4F4/,23,,No
Nobody believes me if I say I went from this to this.,AUTHORITY INSPO HOOK,https://www.instagram.com/p/DIL_hAYIF-z/,51,,No
A competitor showed up at my job trying to get me fired.,STORYTELLING INSPO HOOK,https://www.instagram.com/reel/DCAp43wtIxP/,614,,No
What if I told you this (insert item) could (insert result).,EDUCATIONAL INSPO HOOK,https://www.instagram.com/p/DChgwnJyE3b/,41,,No
(insert noun) can be reversed so let’s talk about # things you can do to improve your (insert noun).,EDUCATIONAL INSPO HOOK,https://www.instagram.com/p/DG9UDAUShLs/,56,,No
Here are # of questions I ask before (insert verb).,EDUCATIONAL INSPO HOOK,https://www.instagram.com/p/DFnkbJcPxqc/,645,,No
This is day # of making fake (insert noun) for our dream clients until one of them starts working with us.,STORYTELLING INSPO HOOK,https://www.instagram.com/p/DB587F_NYOD/,842,,No
Is it possible to (insert action) while (insert action) in X days.,STORYTELLING INSPO HOOK,https://www.instagram.com/reel/DEgmPM_yqsz/,312,"February 16, 2026",Yes
I don’t really show the (insert noun) a lot of love because I don’t like (insert action) but today I am going to show you (insert action).,EDUCATIONAL INSPO HOOK,https://www.instagram.com/reel/DExHLTotGlt/,386,,No
I lied to the (insert person) who (insert action).,STORYTELLING INSPO HOOK,https://www.instagram.com/p/DExR-xeiVfp/,279,,No
Take your (insert noun) from this to this.,EDUCATIONAL INSPO HOOK,https://www.instagram.com/p/DHl84zXOnWK/,300,,No
I always had the biggest dream of (insert dream).,STORYTELLING INSPO HOOK,https://www.instagram.com/kelseypoulter/reel/DHoe6OgRf6-/,104,,No
Let’s start by mixing (insert noun) and (insert noun) and I am going to give it a good shake. What happens?,EDUCATIONAL INSPO HOOK,https://www.instagram.com/reel/DBU47L9SRQ4/,312,,No
Believe it or not this (insert noun) was not (insert verb) with a (insert noun).,MYTH BUSTING INSPO HOOK,https://www.instagram.com/p/C2SNZy0gL-x/,898,,No
Things I wish I knew before my (insert noun) that took me from this to this.,AUTHORITY INSPO HOOK,https://www.instagram.com/p/DGsXCTeS69Z/,570,,No
X days/months/years ago my (insert person) told me (insert statement),STORYTELLING INSPO HOOK,https://www.instagram.com/p/C84meBcM9NB/,318,,No
My friends and I turned this (insert adjective) (insert noun) into this (insert adjective) (insert noun) in just (insert time).,EDUCATIONAL INSPO HOOK,https://www.instagram.com/reel/DG8YeQTs9XW/,624,,No
If you want to (insert # of dream result) per week this is how you are going to do it.,EDUCATIONAL INSPO HOOK,https://www.instagram.com/p/DBumWY_tbj-/,827,,No
"Nearly # years/months ago today I packed my bags and left for (insert location), thinking I would only be gone for (insert time).",STORYTELLING INSPO HOOK,https://www.instagram.com/reel/DEadcffulgR/,798,,No
I paid (insert $) to build this (insert noun) from scratch).,EDUCATIONAL INSPO HOOK,https://www.instagram.com/p/DFqGUjORxG4/,340,,No
(insert $) home (insert bad result) in just # time/months.,STORYTELLING INSPO HOOK,https://www.instagram.com/reel/DGKGa06O7a_/,364,,No
(insert question) I hate this question.,STORYTELLING INSPO HOOK,https://www.instagram.com/p/DIwy5TCT0SN/,552,,No
Here are # (insert noun) as a (insert title) I would never own.,EDUCATIONAL INSPO HOOK,https://www.instagram.com/reel/DGOAQp_xX5D/,458,,No
Starting a (insert business) at (insert age).,STORYTELLING INSPO HOOK,https://www.instagram.com/reel/DEBDyQLTOyO/,180,,No
"He/she always (insert action), and he/she does (insert action).",COMPARISON INSPO HOOK,https://www.instagram.com/reel/C9FQ-W1OJtc/,203,,No
If you take (insert noun) it will (insert result).,EDUCATIONAL INSPO HOOK,https://www.instagram.com/p/DIMBlJ4MgHH/,319,,No
I am (insert age) having an identity crisis.,STORYTELLING INSPO HOOK,https://www.instagram.com/reel/DDJM-ivP9-v/,962,,No
"If your in a (insert dream result) journey, this is exactly what you need to do to (insert dream goal) in # simple steps.",EDUCATIONAL INSPO HOOK,https://www.instagram.com/p/DFGXCydPPOM/,237,,No
If your (insert verb) (insert noun) and then (insert noun) and then (insert noun) that is literally the worst thing you could be doing.,EDUCATIONAL INSPO HOOK,https://www.instagram.com/reel/DCCjwkbC7Oi/,185,,No
If you're new to this channel let me catch you up.,STORYTELLING INSPO HOOK,https://www.instagram.com/p/DFsxrUWI7EY/,804,,No
Give me 60 seconds to show you how to (insert action) for the first time after (insert life event).,EDUCATIONAL INSPO HOOK,https://www.instagram.com/reel/DC8EmdBPqWT/,221,,No
That is crazy.,EDUCATIONAL INSPO HOOK,https://www.instagram.com/reel/DEluu94R-dc/,886,,No
Day 1 of starting over my whole entire life.,DAY IN THE LIFE INSPO HOOK,https://www.instagram.com/reel/DEc3jW6p1Ws/,446,,No
This is (insert metric) the exact same amount of (insert noun) you build everyday. If you (insert action) hard (insert #) times per week.,EDUCATIONAL INSPO HOOK,https://www.instagram.com/reel/DCXFyoBobxU/,311,,No
"I avoid all toxic (insert noun), here is how to clean up your (insert noun).",EDUCATIONAL INSPO HOOK,https://www.instagram.com/p/C-AvGm9M0UA/,876,,No
This is probably the scariest thing I have ever done,STORYTELLING INSPO HOOK,https://www.instagram.com/reel/DAYtnokvm-J/,75,,No
Here are some (insert action) you can do without (insert noun).,EDUCATIONAL INSPO HOOK,https://www.instagram.com/p/DB-HjvtP1A9/,359,,No
I did everything right.,STORYTELLING INSPO HOOK,https://www.instagram.com/p/DDohj4MI-7U/,738,,No
I have (insert noun) commercial (insert noun).,EDUCATIONAL INSPO HOOK,https://www.instagram.com/p/DH6Nb_7JpIT/,235,,No
When is it time to do (insert action).,STORYTELLING INSPO HOOK,https://www.instagram.com/reel/DDrwl5ix3a0/,459,,No
# years as a (insert occupation) you guys still don’t believe me when I say these things.,EDUCATIONAL INSPO HOOK,https://www.instagram.com/reel/DIAPFYlsfuX/,714,,No
I can’t (insert verb) (insert noun) anymore.,MYTH BUSTING INSPO HOOK,https://www.instagram.com/p/DIyeda6xw9w/,652,,No
This is what (insert thing) looks like when you’re (insert action). And this is what they look like when you’re not (insert action).,EDUCATIONAL INSPO HOOK,https://www.instagram.com/reel/C4tAzeYL8yA/,880,,No
This is the program/steps I would follow if I was trying to (insert dream result).,EDUCATIONAL INSPO HOOK,https://www.instagram.com/p/DB4om1CIUoZ/,703,,No
"(insert quote) the first time I heard this I was (insert action), and my (insert person) just dropped that line out of nowhere.",STORYTELLING INSPO HOOK,https://www.instagram.com/p/DDAcNRXy2KD/,986,,No
"You are not (insert bad label), you are not (insert bad label), you just can't (insert adjective) .",MYTH BUSTING INSPO HOOK,https://www.instagram.com/p/DBWFRQqO3Nt/,23,,No
Remember that time you were (insert adjective) so you (insert action) but the moment (insert person) (insert verb) you (insert action).,STORYTELLING INSPO HOOK,https://www.instagram.com/p/DImOQx6TGCo/,417,"February 14, 2026",Yes
"For this (insert noun), you could have all of (insert noun).",COMPARISON INSPO HOOK,https://www.instagram.com/alexgamblecoach/reel/C3r2FM5vhAH/,915,,No
Here is a tier list of the best (insert noun) sources based off of how good they are for you (insert noun).,EDUCATIONAL INSPO HOOK,https://www.instagram.com/reel/DCuVL0VPLjU/,665,,No
I bought this (insert noun) for (insert $). And today my (insert person) and I will find out if it (insert result).,STORYTELLING INSPO HOOK,https://www.instagram.com/reel/DGgxdZ4SRgm/,953,,No
"Let me show yall how to make (insert $) per day, but installing a simple (insert noun).",STORYTELLING INSPO HOOK,https://www.instagram.com/reel/DCZnnxFx-IX/,916,,No
I have a very long list of (insert noun) that I (insert action) that I gate keep from other people. But today I feel like giving back so I am going to tell you.,EDUCATIONAL INSPO HOOK,https://www.instagram.com/p/DCpBTqzpGdp/,611,,No
This is kind of gross but I had to share.,EDUCATIONAL INSPO HOOK,https://www.instagram.com/reel/DG1lPtBS_Lh/,952,,No
There is one thing above all that sets the top (insert title) apart from the rest.,EDUCATIONAL INSPO HOOK,https://www.instagram.com/p/DGESNTBT_3p/,274,,No
"Here are # of (insert noun) from across the world, let’s break them down to their core components.",EDUCATIONAL INSPO HOOK,https://www.instagram.com/p/DG39EdnJxuK/,350,,No
"This is a (insert noun) from (insert restaurant/store/place) for (insert metric), and this is the same (insert noun) from (insert restaurant/store/place) for (insert metric).",COMPARISON INSPO HOOK,https://www.instagram.com/p/DDP3euvJPC4/,881,,No
Let’s get this brand new (insert noun) (insert action) so we can put it to good use.,EDUCATIONAL INSPO HOOK,https://www.instagram.com/reel/DH3cSc0Rs3X/,134,,No
"This is (insert noun) before you (insert action), this is (insert noun) after you (insert action).",COMPARISON INSPO HOOK,https://www.instagram.com/p/DDfEcIyTncw/,841,,No
While my kids were taking a nap I went to (insert action) when I realized (insert realization).,STORYTELLING INSPO HOOK,https://www.instagram.com/reel/DE3A6-up1Nd/,309,,No
I (insert action) to every (insert person) in the world. Here is how many people responded.,STORYTELLING INSPO HOOK,https://www.instagram.com/p/DCC-6Y7CZVm/,59,,No
"Mom/Dad of # of kids, here is how I treat being a mom/dad as a job.",EDUCATIONAL INSPO HOOK,https://www.instagram.com/reel/Cx568_TA6DP/,487,,No
You want you (insert noun) to look like these? So did this guy.,EDUCATIONAL INSPO HOOK,https://www.instagram.com/reel/DIJkuM_OW8I/,628,,No
Here's how to develop a (insert skill) so strong that you physically can't stop (doing skill).,EDUCATIONAL INSPO HOOK,https://www.instagram.com/reel/C-CPzwMReyb/,165,,No
"Don’t make the mistake of (insert action), (insert action), (insert action).",MYTH BUSTING INSPO HOOK,https://www.instagram.com/p/DIFEWODyeM0/,686,,No
"Okay real talk, I wasn't always this (insert adjective).",STORYTELLING INSPO HOOK,https://www.instagram.com/p/DIgzMCWuK1l/,842,,No
"X days/weeks/months/years into my (insert action), my worst nightmare became my reality.",STORYTELLING INSPO HOOK,https://www.instagram.com/p/DETO9Z0u5cN/,89,,No
The (insert noun) of a (insert noun) will tell you a lot about the (insert noun).,EDUCATIONAL INSPO HOOK,https://www.instagram.com/reel/DGT9NI2pbX5/,611,,No
"If you have a (insert dream result) keep scrolling. Today we are going to talk about a (insert routine, method strategy) to (insert dream result)",EDUCATIONAL INSPO HOOK,https://www.instagram.com/p/DDmm7ygxvVp/,903,,No
"Did you know you can start your own (insert business ) from home without (insert pain point), (insert pain point), and (insert pain point).",STORYTELLING INSPO HOOK,https://www.instagram.com/reel/DGv9SwVysky/,298,,No
This guy has made (insert $) profit in one day using the technique he is about to use.,EDUCATIONAL INSPO HOOK,https://www.instagram.com/reel/DFgTirDB5xe/,387,,No
I am (insert age) and I have an identity crisis.,STORYTELLING INSPO HOOK,https://www.instagram.com/p/DBtZYwby3Nx/,990,,No
I am only (insert metric) but I have became one of the best (insert title) in the world.,AUTHORITY INSPO HOOK,https://www.instagram.com/reel/DGd3qJxS7el/,379,,No
This is a great trick.,EDUCATIONAL INSPO HOOK,https://www.instagram.com/reel/DJC1PslvU1Z/,692,,No
I can confidently say the only reason I can (insert verb) (insert metric) is simply because of the way I choose to (insert verb).,STORYTELLING INSPO HOOK,https://www.instagram.com/reel/C_rB-Ntuhe8/,463,,No
"It’s (insert noun) season, so let’s make a (insert noun) for your (insert person).",EDUCATIONAL INSPO HOOK,https://www.instagram.com/reel/DISbkqXJ5SD/,860,,No
For this (insert item) you could have all of these (insert item).,COMPARISON INSPO HOOK,https://www.instagram.com/reel/C27sCLIxGIu/,960,,No
I just made over # of (insert noun) in under (insert time) and I will show you how I did it.,EDUCATIONAL INSPO HOOK,https://www.instagram.com/reel/DFhLiCCRCxz/,560,,No
I am on a journey to find the best (insert noun) for (insert person) and today we (insert action).,STORYTELLING INSPO HOOK,https://www.instagram.com/p/DF0gUSRPywO/,865,,No
My (insert person) and I tried a whole (insert time frame) without (insert action).,STORYTELLING INSPO HOOK,https://www.instagram.com/p/DBwOrvcoKvI/,640,,No
Here is how I lost a (insert time frame) of my life.,STORYTELLING INSPO HOOK,https://www.instagram.com/p/DAQog1uPOrX/,559,,No
If you have (insert symptom) you probably have (insert condition).,EDUCATIONAL INSPO HOOK,https://www.instagram.com/reel/C8ht9iwpUk6/,235,,No
I am in a (insert noun) and these # habits dramatically transformed my (insert noun).,AUTHORITY INSPO HOOK,https://www.instagram.com/reel/C79a1LjPGYa/,241,,No
The (insert thing) you have now in you (insert age group) is so (insert noun).,EDUCATIONAL INSPO HOOK,https://www.instagram.com/p/DBhHzSeJ_L6/,371,,No
Is it possible to (insert action) successful (insert noun) for (insert noun) in just 1 hour?,STORYTELLING INSPO HOOK,https://www.instagram.com/p/C9ARkyWMR8C/,568,,No
My (insert person) wanted a (insert noun) for (insert event) so I said thanks for the suggestion but that’s not my vibe and made them (insert noun) instead.,STORYTELLING INSPO HOOK,https://www.instagram.com/p/DCmRfypJw93/,647,,No
About a (insert time) ago I got in trouble for having too many (insert nouns).,STORYTELLING INSPO HOOK,https://www.instagram.com/reel/DB9kycqyic8/,456,,No
I started my (insert business) when I was (insert age) with (insert $),STORYTELLING INSPO HOOK,https://www.instagram.com/p/C9GHw6MO48j/,817,,No
"We spent $ of (insert noun) for our family of #, and this will last us (insert time frame).",EDUCATIONAL INSPO HOOK,https://www.instagram.com/reel/DGPAOVtgP2p/,912,,No
This is the story of how I managed to do (insert achievement),STORYTELLING INSPO HOOK,https://www.instagram.com/reel/DCg1__Wsy7F/,258,,No
Today we are going to play did you know (insert noun) edition.,EDUCATIONAL INSPO HOOK,https://www.instagram.com/p/DDsm8Cny941/,813,,No
If you do this you’ll (insert result).,EDUCATIONAL INSPO HOOK,https://www.instagram.com/p/DEP_swuolhm/,740,,No
"What’s hommies, I am going to give you a cash course of what (insert noun) to ask for, based on what you want that (insert noun) to do for you.",EDUCATIONAL INSPO HOOK,https://www.instagram.com/reel/DFD3FqAvSh9/,278,,No
Over the past # days I (insert action) on # of (insert nouns). In doing that I have gained over (insert #) of followers. So here's the thing.,STORYTELLING INSPO HOOK,https://www.instagram.com/reel/DH64QI0uzgl/,100,,No
"(insert name), how do you (insert result)?",EDUCATIONAL INSPO HOOK,https://www.instagram.com/reel/DIZzqD9u-cJ/,898,,No
Want to be the first (insert dream result) in your family?,EDUCATIONAL INSPO HOOK,https://www.instagram.com/reel/DEVCeefOF08/,748,,No
Normally I would never say this but please stop (insert action) until you're ready to (insert action).,EDUCATIONAL INSPO HOOK,https://www.instagram.com/reel/DFVrVTFx1Cu/,952,,No
Show me the method of the best way to (insert result).,EDUCATIONAL INSPO HOOK,https://www.instagram.com/p/DHxc_kEuDBo/,154,,No
After many years of total neglect my basement is finally getting much needed TLC.,STORYTELLING INSPO HOOK,https://www.instagram.com/reel/DFTWF7opT4B/,536,,No
If your (insert noun) goes (insert result) when you (insert verb) while (insert noun) and (insert adjective) really (insert result) by now you know you have (insert noun) so why aren't you doing a (insert noun) routine.,EDUCATIONAL INSPO HOOK,https://www.instagram.com/p/DHGaZL2uwW0/,785,,No
"In (insert time frame), I went from (insert before) to (insert dream result)",STORYTELLING INSPO HOOK,https://www.instagram.com/reel/DFfnKFWusVf/,331,,No
Okay bish you don't need to (insert action) to (insert dream result) coming from someone who (insert dream result).,AUTHORITY INSPO HOOK,https://www.instagram.com/p/C6uiWv3p4FC/,820,,No
Best ways to save money while (insert action).,EDUCATIONAL INSPO HOOK,https://www.instagram.com/p/DCkE_cUo3mq/,25,,No
Every time you (insert action) your passing you (insert adjective) (insert noun) just because you don’t know what they are.,EDUCATIONAL INSPO HOOK,https://www.instagram.com/reel/DEiHlooJM-L/,64,,No
Today I am eating like (insert person) for the full day and I am going to see how much weight I gain by the end of the day.,STORYTELLING INSPO HOOK,https://www.instagram.com/reel/DIohXabuCQd/,233,,No
I woke up this morning thinking about (insert thought),STORYTELLING INSPO HOOK,https://www.instagram.com/reel/DEtoEgJSVhy/,360,,No
"So apparently your frontal lobe does not develop fully until your age 25, so here are some things I have realized since it came in.",STORYTELLING INSPO HOOK,https://www.instagram.com/p/DGllUMjIMY3/,207,,No
"This video got # of views, with a lot of (insert adjective) feedback. Let's try it out and see if it makes a difference to my (insert noun).",STORYTELLING INSPO HOOK,https://www.instagram.com/p/DFDQ99NuwNF/,500,,No
(insert noun) how to (insert action) and still (insert dream result).,EDUCATIONAL INSPO HOOK,https://www.instagram.com/p/DIwSdSiIr2d/,441,,No
Never (insert action) first and then (insert action).,EDUCATIONAL INSPO HOOK,https://www.instagram.com/p/DF58v36zILq/,366,,No
"My (insert noun) made me (insert $) last month, and what's crazy about this is I used no money to start this business.",STORYTELLING INSPO HOOK,https://www.instagram.com/reel/DIotrpKRU6x/,904,,No
This is how much (insert adjective) (insert noun) cost me in (insert location) and a (insert age) (insert occupation).,STORYTELLING INSPO HOOK,https://www.instagram.com/reel/DHYDpXxzF1U/,134,,No
"If you’re afraid to (insert action), then (insert action).",EDUCATIONAL INSPO HOOK,https://www.instagram.com/reel/DHEL0_cRwNA/,403,,No
If you just turned (insert age) and you don’t want to (insert pain point) then you should do the following # things immediately.,EDUCATIONAL INSPO HOOK,https://www.instagram.com/share/BAKR4pqxlZ,601,,No
"I can't stand this (insert noun), let's transform it.",STORYTELLING INSPO HOOK,https://www.instagram.com/reel/DEDx84Zy4Fi/,715,,No
"Ranking all the most popular (insert noun), so I can rank them from worst to best.",EDUCATIONAL INSPO HOOK,https://www.instagram.com/p/DIPGBRQR0Sb/,115,,No
"If your (insert noun) is (insert adjective) like this, you are likely (insert diagnosis).",EDUCATIONAL INSPO HOOK,https://www.instagram.com/p/DAbxF7ZSHq0/,758,,No
Does this stuff actually work?,STORYTELLING INSPO HOOK,https://www.instagram.com/reel/DHrP6IqyOPT/,278,,No
Let’s try to unclog a (insert noun).,STORYTELLING INSPO HOOK,https://www.instagram.com/reel/DGUOKrcRFKT/,434,,No
Yesterday I was at (insert location) when I noticed something (insert adjective).,STORYTELLING INSPO HOOK,https://www.instagram.com/reel/DFLw3SmSNti/,746,,No
Is it possible to go from (insert before state) to (insert after state) just by (insert action).,STORYTELLING INSPO HOOK,https://www.instagram.com/reel/DIoMIenNube/,960,,No
Here is a complete cost breakdown to build my (insert sqft) home.,EDUCATIONAL INSPO HOOK,https://www.instagram.com/reel/DFBxNBuuKZw/,228,,No
If you've ever come across one of my reels and thought (insert adjective) that woman/man has (insert adjective) (insert noun). But here's a little secret: my (insert noun) was not always like this.,STORYTELLING INSPO HOOK,https://www.instagram.com/p/DFYqX_gz5iD/,750,,No
Throw out you (insert noun).,EDUCATIONAL INSPO HOOK,https://www.instagram.com/reel/DCVGFh9yqMK/,347,,No
I am a # generation (insert title) and I hope this shows you why you should (insert action) when (insert task).,EDUCATIONAL INSPO HOOK,https://www.instagram.com/reel/DFOOvvaxdnT/,629,,No
You would need to (insert verb) (insert number) (insert noun) today to get the same (insert result) you grandparents obtained from just (insert verb) (insert number).,EDUCATIONAL INSPO HOOK,https://www.instagram.com/p/DC4dQVdPuUS/,324,,No
Have you ever seen (insert #) (insert noun) in one place?,STORYTELLING INSPO HOOK,https://www.instagram.com/p/DH2RXm7RTGT/,158,,No
I got (insert dream result) without (pain point/points) here’s how,STORYTELLING INSPO HOOK,https://www.instagram.com/p/C6G56RQrf9N/,67,,No
(insert dream outcome) that don't taste/look like pure bootyhole.,MYTH BUSTING INSPO HOOK,https://www.instagram.com/p/DG8lDUFoouT/,651,,No
"If you want to do this, first do this.",EDUCATIONAL INSPO HOOK,https://www.instagram.com/p/C5AmorRpUqF/,760,,No
Those little (insert nouns) are called (insert name) I am a (insert title) and I am going to show you how (insert result).,EDUCATIONAL INSPO HOOK,https://www.instagram.com/p/DGrS_7YRUo7/,532,,No
If you’re serious about getting (insert result) then this is the only video you will ever need so save it for later and watch till the end.,EDUCATIONAL INSPO HOOK,https://www.instagram.com/reel/CsVU4YTuQlg/,166,,No
"One day you're gonna get dumped. Not by your girlfriend, not by your boyfriend, not by your fiance, not by your spouse. But by your (insert noun).",STORYTELLING INSPO HOOK,https://www.instagram.com/p/DD3BkA3vaI9/,87,,No
This (insert noun) and this (insert noun) have the same amount of (insert noun).,COMPARISON INSPO HOOK,https://www.instagram.com/fitfoodieliving/reel/DBHpSdgRdvh/,54,,No
If you’re wondering why when you (insert action) and don’t (insert result). Then proceed to (insert action) and (insert result). It’s because you are not doing this.,EDUCATIONAL INSPO HOOK,https://www.instagram.com/reel/DEbPfOAs0Jj/,474,,No
Is it possible to stop (insert pain point) and (insert dream result) in (insert time frame) even if you’re in (insert noun) and all of your (insert person) think getting (insert verb) is (insert trait).,STORYTELLING INSPO HOOK,https://www.instagram.com/p/DIH7JjItEK0/,672,,No
X days/months/years ago my (insert label) (insert name) and I (insert action) to (insert result).,STORYTELLING INSPO HOOK,https://www.instagram.com/p/DBkmeBPvd7b/,676,,No
I found out why (insert noun) wasn’t (insert result). So I am going to tell you what you’re doing wrong.,EDUCATIONAL INSPO HOOK,https://www.instagram.com/reel/DH_Y1jnsjde/,756,,No
# things you should never put in your (insert noun).,MYTH BUSTING INSPO HOOK,https://www.instagram.com/p/DDxoAs_TciE/,642,,No
(insert dream result) and (insert dream result) with these # of tips. For reference I have (insert personal result).,EDUCATIONAL INSPO HOOK,https://www.instagram.com/p/DA35oVOpAAe/,183,,No
The worst (insert noun) that you will regret buying for your (insert noun) is right here.,EDUCATIONAL INSPO HOOK,https://www.instagram.com/p/DGPLBgRtX_g/,512,,No
If your a (insert target audience) who (insert pain point) and you want to (insert dream result) let's go over a very simple # step plan you can follow to quickly (insert dream result).,EDUCATIONAL INSPO HOOK,https://www.instagram.com/p/Cpf3cfujvTd/,532,,No
Most people can only do (insert action) when trying to (insert action) but as an (insert title) you should be able to (insert action).,EDUCATIONAL INSPO HOOK,https://www.instagram.com/p/C_3kQAkIuKn/,280,,No
I see so many people using their (insert noun) just like this or maybe like this even when you (insert action). So let me show you the trick to perfectly (insert action).,EDUCATIONAL INSPO HOOK,https://www.instagram.com/p/DETUL1KR3U_/,698,,No
"If I had to start over and (insert verb) my (insert noun) from scratch, these are the only (insert noun) I would do for someone that is new to (insert noun).",EDUCATIONAL INSPO HOOK,https://www.instagram.com/reel/DGR8OoSsssd/,653,,No
My entire life I grew up (insert adjective) and (insert adjective) it was just my (insert person) raising the # of us.,STORYTELLING INSPO HOOK,https://www.instagram.com/p/DI68Z2axGjl/,749,,No
3 Youtube channels that will teach you more than any (insert industry/niche) degree.,EDUCATIONAL INSPO HOOK,https://www.instagram.com/p/DBfqo-0zxTb/,586,,No
All you need is a (insert amount) of (insert noun) and you can turn (insert amount) of (insert noun) into (insert result).,EDUCATIONAL INSPO HOOK,https://www.instagram.com/reel/DH3Kn86stmI/,453,,No
If you feel like your never (insert point) here is everything you need for a (insert dream result).,EDUCATIONAL INSPO HOOK,https://www.instagram.com/p/DCkDGtppM_u/,305,,No
"Oh look I found (insert $), that means I am going to (insert verb) I only need this.",EDUCATIONAL INSPO HOOK,https://www.instagram.com/p/DDD1Dk7OjTQ/,611,,No
"(insert item) (insert fact), (insert item) (insert similar fact), (insert complete opposite item) (insert similar fact).",MYTH BUSTING INSPO HOOK,https://www.instagram.com/p/DDmz346s6x2/,932,,No
"I have (inset amount of thing), (insert amount of time), and a pipe dream to get ready for (insert event).",STORYTELLING INSPO HOOK,https://www.instagram.com/p/DGLxdjvR3Se/,824,,No
"If you want to do this, first do this.",EDUCATIONAL INSPO HOOK,https://www.instagram.com/p/C5nXYgsy6RR/,240,,No
The worst part about being a (insert title) is I literally do not...,STORYTELLING INSPO HOOK,https://www.instagram.com/p/DDV2GYxpnmu/,709,,No
"We’re going to see if it’s true, that (insert noun) are so filled with toxins that they don’t burn when you hit them with a blow torch.",EDUCATIONAL INSPO HOOK,https://www.instagram.com/reel/DEn8q3Av5Qw/,233,,No
Top # deadliest (insert noun) that can kill (insert living thing) in one (insert verb).,EDUCATIONAL INSPO HOOK,https://www.instagram.com/reel/CyB9bKLOoyp/,689,,No
Want a (insert noun) that (insert dream result) even when you (insert action).,EDUCATIONAL INSPO HOOK,https://www.instagram.com/reel/DGMiUGoPLmU/,376,,No
Here are some space saving (insert noun) hacks that saved our small space.,EDUCATIONAL INSPO HOOK,https://www.instagram.com/reel/DHWAfqwv5Xf/,710,,No
This might be the ultimate (insert person) hack.,EDUCATIONAL INSPO HOOK,https://www.instagram.com/p/DGYjc0dxhU-/,929,,No
For our entire # year relationship my (insert person) has been hiding something pretty important from me.,STORYTELLING INSPO HOOK,https://www.instagram.com/p/DHsfGj6TGeA/,823,,No
# months/years ago my friends and I started a (insert business). And it turned out to be the biggest (insert result).,STORYTELLING INSPO HOOK,https://www.instagram.com/p/DHHB_GOy09_/,472,,No
Here's exactly how much (insert noun) you can make with under (insert dollar amount).,EDUCATIONAL INSPO HOOK,https://www.instagram.com/p/DG8MN0rAwpR/,941,,No
If I have to learn (insert noun) again here’s 5 tips of everything I would do in # seconds.,EDUCATIONAL INSPO HOOK,https://www.instagram.com/p/DEGMBBOo_XH/,339,,No
(insert year) (insert occurrence).,STORYTELLING INSPO HOOK,https://www.instagram.com/ultimateivyleagueguide/reel/DBv1NuKOF7u/,143,,No
Would you rather watch your (insert person/persons) (insert pain point) or join them in their (insert niche) journey to save their lives?,EDUCATIONAL INSPO HOOK,https://www.instagram.com/p/DGDkKWdPN7W/,475,,No
Something I never thought I would have on my bingo card as a (insert title) was...,STORYTELLING INSPO HOOK,https://www.instagram.com/p/DIaBg2ySrJP/,340,,No
In # days I am selling my (insert noun) and moving out of the country.,STORYTELLING INSPO HOOK,https://www.instagram.com/reel/DCimp5XxA7o/,103,,No
"Did you know that if you wake up at (insert time), and (insert action)...",STORYTELLING INSPO HOOK,https://www.instagram.com/reel/DHCAe7lTiGn/,828,,No
Are you still (insert verb) (insert noun) like this? While I worked at (insert noun) and let me show you how to do it like a pro.,MYTH BUSTING INSPO HOOK,https://www.instagram.com/p/DGdz4nPSXvz/,40,,No
I hate to say this but my wake up call wasn't as (insert scenario) no my first wake up call was (insert scenario).,STORYTELLING INSPO HOOK,https://www.instagram.com/share/BAJjwss1-k,17,,No
What if I told you that (insert dream result) without (insert pain point),STORYTELLING INSPO HOOK,https://www.instagram.com/reel/DDpTqOovShl/,888,,No
"So I recently started feeling ""the pressure"" everyone talks about.",STORYTELLING INSPO HOOK,https://www.instagram.com/reel/C9KNzOkIk6m/,655,,No
When making (insert noun) the (insert noun) is just as important as the (insert noun).,EDUCATIONAL INSPO HOOK,https://www.instagram.com/p/DDz9y_yyCkz/,419,,No
X days/months/years ago (insert people) (insert action),STORYTELLING INSPO HOOK,https://www.instagram.com/p/C_50kObxUwc/,112,,No
"Not to flex, but I'm prett f*cking good at (insert skill/niche).",EDUCATIONAL INSPO HOOK,https://www.instagram.com/p/C-SR22KOEDY/,355,,No
"If you can’t (insert skill), then follow this one minute routine/progressional/tutorial and you will have (insert skill) by the end of this video.",EDUCATIONAL INSPO HOOK,https://www.instagram.com/reel/DEd6_6yJOi3/,864,,No
It was until I build # of (insert noun) and completed over # of (insert noun) that I realized (insert action) is not really that complicated.,STORYTELLING INSPO HOOK,https://www.instagram.com/p/DEd-dLWvcem/,151,,No
These are # of (insert noun) I would not own as a (insert title).,EDUCATIONAL INSPO HOOK,https://www.instagram.com/reel/DFF6w_INWWc/,313,,No
In 60 seconds i’m going to teach you more about (insert thing) than you have ever learned in your entire life.,EDUCATIONAL INSPO HOOK,https://www.instagram.com/p/DEqFNhryVXt/,347,,No
You think you're a (insert label)? Well let me introduce you to my life.,STORYTELLING INSPO HOOK,https://www.instagram.com/p/DHoAC5HtwCn/,574,,No
If you have a (insert noun) you have probably experienced this.,EDUCATIONAL INSPO HOOK,https://www.instagram.com/p/DIpVvJUSKam/,348,,No
This is what an average day of a (insert title) looks like a week out from (insert event).,DAY IN THE LIFE INSPO HOOK,https://www.instagram.com/reel/DFdienFJMGK/,861,,No
"I don’t usually cry, but yesterday I did. And it wasn’t because of (insert reason).",STORYTELLING INSPO HOOK,https://www.instagram.com/reel/DBWgXXAvUh3/,346,,No
(insert trend) is the most disgusting trend on social media.,RANDOM INSPO HOOK,https://www.instagram.com/p/DAdgNiLSGrC/,151,,No
If you want to do this in (insert year). If you want (insert dream result) you have 3 main options to make it happen. I am going to go over them right now.,EDUCATIONAL INSPO HOOK,https://www.instagram.com/reel/DEX6xCiPIqQ/,561,,No
"If your (insert noun) look like this, and this pay attention.",EDUCATIONAL INSPO HOOK,https://www.instagram.com/p/DIaTxoIJvRL/,632,,No
"Day # trying to make (insert $) by the end of the year, by (insert method).",DAY IN THE LIFE INSPO HOOK,https://www.instagram.com/reel/DHSNzUypHDa/,48,,No
"Did you know that if you... (Insert action), (insert action), (insert action), etc",EDUCATIONAL INSPO HOOK,https://www.instagram.com/p/DIGJHsKPfj2/,727,,No
My customer/client got (insert dream result) with out (insert pain point) and here's how.,AUTHORITY INSPO HOOK,https://www.instagram.com/reel/C4VceenL2Wq/,418,,No
"If you have a (insert person) at home, then (insert action) will dramatically change their (insert noun).",EDUCATIONAL INSPO HOOK,https://www.instagram.com/reel/DGqD6D4hoJq/,261,,No
(insert noun) can make you go bald!,EDUCATIONAL INSPO HOOK,https://www.instagram.com/reel/DFnnhxyvDzC/,817,,No
What happens when you go X hours/days/weeks/years without (insert noun).,EDUCATIONAL INSPO HOOK,https://www.instagram.com/p/DHQcFEpuMHI/,115,,No
A customer (insert result) and tried to avoid paying.,STORYTELLING INSPO HOOK,https://www.instagram.com/reel/DHorGhlyi3x/,341,,No
My most complemented (insert noun) of (insert year).,EDUCATIONAL INSPO HOOK,https://www.instagram.com/p/DDhpuYgRmps/,245,,No
"This is your (insert noun) on a regular day, this is you (insert noun) on (insert scenario).",EDUCATIONAL INSPO HOOK,https://www.instagram.com/p/DFGFur-uB7M/,848,,No
People keep asking me what to do with (insert noun).,EDUCATIONAL INSPO HOOK,https://www.instagram.com/reel/DHTamvwsQu8/,801,,No
"X days/months/years ago I was (insert life event), because I was (insert action) instead of (insert action).",STORYTELLING INSPO HOOK,https://www.instagram.com/reel/DFuMWtZSSEx/,889,,No
After (insert time period) of having (insert bad result) come get my (insert noun) done with me.,STORYTELLING INSPO HOOK,https://www.instagram.com/p/DDf3qgvP54t/,31,,No
I was shocked when I found out (insert fact),STORYTELLING INSPO HOOK,https://www.instagram.com/reel/DCz5caZymCk/,682,,No
I am leaving my (insert salary) dream job at (insert company) to (insert action).,STORYTELLING INSPO HOOK,https://www.instagram.com/p/DH542doMca8/,802,,No
"(insert school) day #, my last (insert noun).",DAY IN THE LIFE INSPO HOOK,https://www.instagram.com/p/DICaRJ6BF2C/,251,,No
Hi I am (insert name) and I am a (insert negative label).,STORYTELLING INSPO HOOK,https://www.instagram.com/p/DGCMTIdpcvQ/,244,,No
It looks like you haven't done (insert noun) since (insert time frame).,EDUCATIONAL INSPO HOOK,https://www.instagram.com/p/DETjcTPN0Zh/,899,,No
I don’t have a backup plan so this kind of needs to work...,STORYTELLING INSPO HOOK,https://www.instagram.com/p/C7XpT7tPwCP/,167,,No
For people who (insert action) and are also into (insert noun) what the hell are we doing.,EDUCATIONAL INSPO HOOK,https://www.instagram.com/reel/DAGWXZ5OnJ_/,441,,No
"I am letting (insert business type) companies, control my (insert noun).",STORYTELLING INSPO HOOK,https://www.instagram.com/reel/DBUGNe5Pn5g/,741,,No
There is absolutely no reason for you to be (insert pain point) every single day just because you are trying to (insert dream result).,MYTH BUSTING INSPO HOOK,https://www.instagram.com/p/DHaw56FzsOe/,207,,No
Let's see what your monthly payment would look like if you owned (insert noun).,EDUCATIONAL INSPO HOOK,https://www.instagram.com/p/C5w9HV9Axfe/,766,,No
I made (insert $) doing (insert side hustle) as a side hustle.,STORYTELLING INSPO HOOK,https://www.instagram.com/reel/DI1s4r7pwHv/,697,,No
I have a (insert metric) (insert noun) because this is one of my workouts/routines/steps/tips/strategies/methods.,EDUCATIONAL INSPO HOOK,https://www.instagram.com/reel/DAB359mSW5F/,718,,No
This is how many (insert item) you need to (insert result).,EDUCATIONAL INSPO HOOK,https://www.instagram.com/p/C-M1nkcNPAV/,624,,No
Every year we make the questionable decision of (insert decision).,STORYTELLING INSPO HOOK,https://www.instagram.com/reel/DD1w5dTqaWa/,121,,No
Can you (insert dream result) after (insert shortcut),STORYTELLING INSPO HOOK,https://www.instagram.com/reel/C6uGU4xxKV_/,751,,No
Here is how I (insert action) as a (insert label) (insert age).,EDUCATIONAL INSPO HOOK,https://www.instagram.com/p/C6Hkr_QRQ60/,643,,No
"This is an (insert noun), and this is an (insert noun).",COMPARISON INSPO HOOK,https://www.instagram.com/p/DHiMzqvR_MQ/,830,,No
If your getting (insert adjective) or know someone (insert adjective) there are # of incredulity important things you need to make sure you can do physically in order to (dream result).,EDUCATIONAL INSPO HOOK,https://www.instagram.com/p/DEgJY7yOUYp/,863,,No
Almost everyone thinks they know how to (insert action).,EDUCATIONAL INSPO HOOK,https://www.instagram.com/reel/DA9e_qHyahV/,660,,No
How long would it take you to go from (insert before state) like this (with pain point) to (insert dream result) with (insert desire).,COMPARISON INSPO HOOK,https://www.instagram.com/share/BAFmRk0wS1,230,,No
If your between the heights (insert height) to (insert height).,EDUCATIONAL INSPO HOOK,https://www.instagram.com/reel/DEaf5GfpUy7/,471,,No
My (insert noun) never (insert pain point) no matter what I do.,EDUCATIONAL INSPO HOOK,https://www.instagram.com/p/DBeJWwWOtMw/,356,,No
I (insert verb) for (insert time frame) and I got a (insert dream result).,AUTHORITY INSPO HOOK,https://www.instagram.com/p/DFEFOlTRacT/,102,,No
I have no idea why I have no (insert adjective/noun).,EDUCATIONAL INSPO HOOK,https://www.instagram.com/p/DE7egL7M38Z/,67,,No
I would do this before quitting your job.,EDUCATIONAL INSPO HOOK,https://www.instagram.com/p/C_D27RuxXHn/,722,,No
These are the products I use to keep (insert noun) (insert noun) and (insert adjective) as a (insert title).,AUTHORITY INSPO HOOK,https://www.instagram.com/p/DFZHR-Tvumy/,970,,No
"I (insert traumatic event) at (insert age) but it’s what happened after that, that actually changed my life.",STORYTELLING INSPO HOOK,https://www.instagram.com/reel/DFGfX6NP6Pn/,780,,No
How to stop (insert verb).,EDUCATIONAL INSPO HOOK,https://www.instagram.com/reel/C15ByRUp1Rv/,958,,No
Put a finger down if you told the entire internet you were going to create a (insert noun) without having any idea how to (insert action) or any idea how to start?,STORYTELLING INSPO HOOK,https://www.instagram.com/p/DGixMnEJ5l3/,125,,No
"This is (insert noun) at (insert metric), and it's perfect for (insert verb). This is (insert noun) at (insert metric).",COMPARISON INSPO HOOK,https://www.instagram.com/p/DFckqW0T8cM/,653,,No
Don't hate me but I don’t really mind (insert basic niche thing) but don;t worry I am going to show you how to make it way better.,EDUCATIONAL INSPO HOOK,https://www.instagram.com/p/DIKPqy-TeZ9/,792,,No
My (insert noun) went from this to this in the last (insert time frame) and this is what I done.,AUTHORITY INSPO HOOK,https://www.instagram.com/share/BANskzjs_f,931,,No
You have (insert noun) tomorrow but you have no time to (insert action). Here’s how you save your (insert noun).,EDUCATIONAL INSPO HOOK,https://www.instagram.com/ultimateivyleagueguide/reel/CoNHORnOLUt/,560,,No
So it’s been a week and I am already on (insert number) of followers.,STORYTELLING INSPO HOOK,https://www.instagram.com/reel/DI6pGLUN66W/,262,,No
"From being (insert state), to (insert state), back to (insert state), to (insert state), to now being (insert current state) in (insert time) I have built tons of knowledge when it comes to (insert result).",STORYTELLING INSPO HOOK,https://www.instagram.com/reel/C8Zs6wqx2bi/,264,,No
"X days/months/years, I ___",STORYTELLING INSPO HOOK,https://www.instagram.com/reel/DDvdqxIJcbe/,516,,No
Can you name something more terrifying than a (insert person) with a (insert noun).,STORYTELLING INSPO HOOK,https://www.instagram.com/p/DH8UvF7NWHN/,520,,No
It has come to my attention that some of you guys think I am actually (insert result) when I do (insert content type).,STORYTELLING INSPO HOOK,https://www.instagram.com/reel/DGrDjgDuxt0/,941,,No
"I went on # of (insert noun) this year, and here is the one trait I learned that you need to have to (insert dream result).",STORYTELLING INSPO HOOK,https://www.instagram.com/p/DG7b8SAMjNJ/,341,,No
"I am (insert verb) a (insert noun), on my (insert noun).",STORYTELLING INSPO HOOK,https://www.instagram.com/p/DIz0whmxWk5/,8,,No
You’ve heard of the viral (insert method/strategy/noun name) right? Well I invested that!,EDUCATIONAL INSPO HOOK,https://www.instagram.com/p/DI9QVVaRbur/,123,,No
I feel really bad for saying this but sometimes you just need to (insert harsh truth).,STORYTELLING INSPO HOOK,https://www.instagram.com/p/DE-3lwtPE1v/,415,,No
The (insert noun) offers you a (option #1) and a (option #2) what do you choose?,COMPARISON INSPO HOOK,https://www.instagram.com/share/_-96Kqts3,356,,No
I have been pretty much doing the same (insert noun) for the past (insert time frame) and they have legit (insert dream result).,AUTHORITY INSPO HOOK,https://www.instagram.com/share/BAdIQWMjhm,206,,No
I took my (insert person) to (insert location) to try this (insert noun) and it actually caught something.,STORYTELLING INSPO HOOK,https://www.instagram.com/reel/DFG8vSONo9f/,178,,No
Why did it take me over # years to realize you can make (insert result) in # minutes.,EDUCATIONAL INSPO HOOK,https://www.instagram.com/p/DHGjH0Gioy2/,530,,No
I have been a (insert title) for # years of my life I started when I was # years old working at (insert location/place) in (insert location).,STORYTELLING INSPO HOOK,https://www.instagram.com/p/DIo_nLOz7p1/,335,,No
Here is how we transformed my (insert persons) (insert location) from this to this using (insert noun).,STORYTELLING INSPO HOOK,https://www.instagram.com/reel/DCufP51puBN/,238,,No
"It cost (insert $) to build my own (insert noun), acting as my own general contractor. Here is the complete coast breakdown.",EDUCATIONAL INSPO HOOK,https://www.instagram.com/reel/C_oT5Ibpvlf/,391,,No
If you (insert action) but don't when to (insert action). You could be losing up to (insert metric) of you (insert dream result) without even realizing it.,EDUCATIONAL INSPO HOOK,https://www.instagram.com/reel/DGLVKBUR6W0/,682,,No
"Growing up my parents used to get upset when I (insert action), (insert action), or (insert action) they would get frustrated.",STORYTELLING INSPO HOOK,https://www.instagram.com/reel/DD25g3ayYbg/,139,,No
"Did you know if you have a (insert noun), (insert noun), (insert noun), (insert noun), (insert noun) then you can (insert dream result).",EDUCATIONAL INSPO HOOK,https://www.instagram.com/p/DGiv5Q0M1-Q/,222,,No
How to budget with a (insert $) salary using this special (insert name) technique.,EDUCATIONAL INSPO HOOK,https://www.instagram.com/p/DDU0jMMN-gr/,165,,No
"If you are anything like me, you take your (insert event/item) very seriously.",STORYTELLING INSPO HOOK,https://www.instagram.com/p/DBnbVTMSaJb/,384,,No
Living in a (insert adjective) household has led me to literally having (insert bad result).,STORYTELLING INSPO HOOK,https://www.instagram.com/p/DFqJbiIqCCH/,344,,No
Let’s (insert verb) our (insert noun).,EDUCATIONAL INSPO HOOK,https://www.instagram.com/p/DHvgHMqRVWI/,68,,No
This used to be my (insert noun) this is my (insert noun) now.,AUTHORITY INSPO HOOK,https://www.instagram.com/p/DDV4VwitJPo/,439,,No
Does your (insert person) (insert action) like this?,EDUCATIONAL INSPO HOOK,https://www.instagram.com/reel/DEKcWm2Ipy-/,301,,No
You know when I started making (insert noun) I should have known this day would come.,STORYTELLING INSPO HOOK,https://www.instagram.com/reel/DJANvPCTbH_/,166,,No
These are dumb things I have done in (insert stage) of (insert action) for my (insert noun).,STORYTELLING INSPO HOOK,https://www.instagram.com/p/DGwUdIEy0u_/,743,,No
This is the amount of (insert noun) you would lose per day in a (insert state).,EDUCATIONAL INSPO HOOK,https://www.instagram.com/p/DGN4d45NAga/,602,,No
A quick guide to (insert verb) (insert noun) some basic and some unusual.,EDUCATIONAL INSPO HOOK,https://www.instagram.com/p/DCPkRMtodQd/,941,,No
I'm (insert age) and I'm not ashamed to admit that,STORYTELLING INSPO HOOK,https://www.instagram.com/reel/DFOqo61NrJu/,950,,No
"I had this weird idea that if I added some (insert action), (insert action), (insert action), etc...",STORYTELLING INSPO HOOK,https://www.instagram.com/p/C-lMnQ4pCIs/,906,,No
Guys this is so nerdy but it’s the coolest thing I have ever done with my (insert noun).,EDUCATIONAL INSPO HOOK,https://www.instagram.com/p/DFpcFScJxjW/,197,,No
There is no doubt in my mind that (insert action) are the best (insert noun) for your (insert noun).,EDUCATIONAL INSPO HOOK,https://www.instagram.com/p/DFnjpQ1x5mZ/,577,,No
X years ago I was (insert action) because I (insert pain point).,STORYTELLING INSPO HOOK,https://www.instagram.com/reel/DEq8rUQyR92/,754,,No
(Insert noun) (insert noun) (insert noun) where the 3 themes for this (insert noun). And you guys I delivered.,EDUCATIONAL INSPO HOOK,https://www.instagram.com/p/DFQmtK9x_w_/,28,,No
What’s the most overrated (insert noun)?,EDUCATIONAL INSPO HOOK,https://www.instagram.com/reel/DDPtPtwMZ9h/,79,,No
My (insert person) told me he/she wanted a (insert noun) and instead of waiting around I decided to build it right now.,STORYTELLING INSPO HOOK,https://www.instagram.com/reel/DD5GjKvx7d_/,344,,No
Is it possible for (insert avatar) to (insert dream result)?,STORYTELLING INSPO HOOK,https://www.instagram.com/reel/DFkNykWxPoe/,342,,No
(insert before state) to (insert after state) in # simple steps in under # of seconds.,EDUCATIONAL INSPO HOOK,https://www.instagram.com/p/DHD4frVya7Z/,718,,No
"One (insert noun), and # of my (insert noun) have the same (insert metric).",COMPARISON INSPO HOOK,https://www.instagram.com/p/DHCafPPxo3w/,101,,No
Here are # of things you have been putting off around the house that you can get done in # minutes.,EDUCATIONAL INSPO HOOK,https://www.instagram.com/p/DEd9agVJsuO/,232,,No
I’m gonna save you # of minutes off your next workout with # of simple tips.,EDUCATIONAL INSPO HOOK,https://www.instagram.com/jeffnippard/reel/C9zuGtYJ8ck/,821,,No
Today I woke up and realized (insert realization).,STORYTELLING INSPO HOOK,https://www.instagram.com/p/DH-K4dER2wd/,110,,No
So I bought this (insert noun) last week and quickly realized I have no idea how to (insert action).,STORYTELLING INSPO HOOK,https://www.instagram.com/share/BAE6C2ZZ78,788,,No
"We are now at day #, since starting my (insert project).",STORYTELLING INSPO HOOK,https://www.instagram.com/reel/DCpBtQ8uz1R/,89,,No
If you told me # of years ago I’d be (insert dream result) I wouldn't have believed you.,EDUCATIONAL INSPO HOOK,https://www.instagram.com/p/DGs6ZD6NMaE/,963,,No
X days/months/years ago I quit (insert habit),STORYTELLING INSPO HOOK,https://www.instagram.com/reel/C-5yJQmoPsM/,726,,No
Your favorite (insert noun) hacks from (insert year).,EDUCATIONAL INSPO HOOK,https://www.instagram.com/reel/DDprbmqSyib/,524,,No
This was the most popular (insert noun) in all of (insert year).,EDUCATIONAL INSPO HOOK,https://www.instagram.com/p/DFT4wGoPISG/,138,,No
This is a picture of my (insert what picture is).,STORYTELLING INSPO HOOK,https://www.instagram.com/reel/C_njKwBOuLi/,153,,No
I am an X year old (insert occupation) from (insert location) and I just (insert action),STORYTELLING INSPO HOOK,https://www.instagram.com/reel/DDWIHZESamL/,337,,No
10 YEARS it took me from (insert before state) to (insert after state).,AUTHORITY INSPO HOOK,https://www.instagram.com/p/C8Cpii4PB1u/,285,,No
This is for the homies who promised (insert person/persons) and nice and fancy (insert noun).,EDUCATIONAL INSPO HOOK,https://www.instagram.com/p/DHZJfckxUnr/,444,,No
If you storing your (insert noun) in (insert noun) stop what you're doing and watch this video.,EDUCATIONAL INSPO HOOK,https://www.instagram.com/reel/DE0ZdAMpZpp/,722,,No
What if I told you to (insert verb) # (insert noun) everyday?,EDUCATIONAL INSPO HOOK,https://www.instagram.com/reel/DFKru9CSKpb/,570,,No
I am sick of hearing this word (insert word).,EDUCATIONAL INSPO HOOK,https://www.instagram.com/reel/DGyTRjPs-tM/,38,,No
I bought all the (insert noun) so you could find out which are the best in each category and which is not worth your money.,EDUCATIONAL INSPO HOOK,https://www.instagram.com/p/DFtu2nnyrTW/,688,,No
(insert result) (insert noun) vs. (insert result) (insert noun).,COMPARISON INSPO HOOK,https://www.instagram.com/p/DFOBiz0ptWc/,981,,No
Worst thing you can do for your (insert thing) is to ignore your (insert noun) when (insert scenario).,EDUCATIONAL INSPO HOOK,https://www.instagram.com/p/DFGZHpOpv9E/,912,,No
Last year I (insert verb) (insert noun) for (insert $).,STORYTELLING INSPO HOOK,https://www.instagram.com/p/DICMQXWOize/,82,,No
I am starting/started a (insert business) from scratch,STORYTELLING INSPO HOOK,https://www.instagram.com/reel/DDEBm2jOYMG/,19,,No
No your (insert noun) is not cause (insert result).,MYTH BUSTING INSPO HOOK,https://www.instagram.com/p/DCeVnXro9Xd/,508,,No
"I think (insert noun) should be better than this, so i;ve been taking matters into my own hands.",STORYTELLING INSPO HOOK,https://www.instagram.com/reel/DFq4B3uSYSh/,536,,No
Are you still (insert action)? I’ve got (insert result) in (insert time frame) and I have never (insert action).,EDUCATIONAL INSPO HOOK,https://www.instagram.com/reel/C4YY12SxuRo/,812,,No
In 1 year I (insert verb) over (insert pounds) of (insert noun) in my extremely small (insert location).,STORYTELLING INSPO HOOK,https://www.instagram.com/reel/DFX2ud_OwT4/,771,,No
But it’s just an (insert noun) and it’s (insert positive) how bad could it be? Well this (insert noun) has the same amount of (insert metric) as # (insert noun).,EDUCATIONAL INSPO HOOK,https://www.instagram.com/reel/DD1SdWGv8WW/,237,,No
If you can’t solve this (insert problem) in under 5 seconds go back to (insert pre-qualifying stage).,EDUCATIONAL INSPO HOOK,https://www.instagram.com/p/C0g-j3EJuM6/,211,,No
I developed an X addiction so strong I physically can not stop (insert action),STORYTELLING INSPO HOOK,https://www.instagram.com/reel/C-CPzwMReyb/,542,,No
My (insert person) lives (insert exact number of miles) away from my house.,STORYTELLING INSPO HOOK,https://www.instagram.com/reel/DJAO6ULRkvZ/,933,,No
If your (insert current state) then the easiest way to have (insert dream state) is to have (insert result).,EDUCATIONAL INSPO HOOK,https://www.instagram.com/reel/DGefW1ANb0D/,666,,No
I (insert action) all of the (insert noun) you want with all the (insert adjective) that you need.,STORYTELLING INSPO HOOK,https://www.instagram.com/p/DGd_iXpxGxe/,731,,No
Day # of (insert action) until I (insert dream result).,STORYTELLING INSPO HOOK,https://www.instagram.com/p/DG3uAhCPeDB/,693,,No
"What if I told you, you could (insert action) for only (insert low cost).",EDUCATIONAL INSPO HOOK,https://www.instagram.com/p/DGjhMiPO7bd/,172,,No
Here’s a quick what to (insert result) (insert metric) of you (insert noun) legally.,EDUCATIONAL INSPO HOOK,https://www.instagram.com/p/DDmhkgqO1FN/,300,,No
X years ago I decided to (insert decision).,STORYTELLING INSPO HOOK,https://www.instagram.com/p/C-IOTqUtbth/,131,,No
Today my kids (insert noun) is due. So let’s (insert action).,EDUCATIONAL INSPO HOOK,https://www.instagram.com/p/DEEFWvqttJd/,338,,No
I think I got (insert verb).,STORYTELLING INSPO HOOK,https://www.instagram.com/p/DGN51kGIU51/,249,,No
"This is you (insert noun) when you (insert action), and this is your (insert noun) when you (insert action).",EDUCATIONAL INSPO HOOK,https://www.instagram.com/p/DHI7KYmOgHL/,818,,No
"(Insert noun) loses (Insert noun) on this, so they can make (insert noun) on this.",EDUCATIONAL INSPO HOOK,https://www.instagram.com/marktilbury/reel/DEkDrvSojnz/,683,,No
If you don’t want to fail (insert life event).,EDUCATIONAL INSPO HOOK,https://www.instagram.com/p/C-TyArttuFT/,548,,No
I finally built it. For the last # years I've been turning (insert noun) into (insert noun).,STORYTELLING INSPO HOOK,https://www.instagram.com/reel/DIxSSv5KcRv/,680,,No
When you're sad but then you remember you have (insert noun).,STORYTELLING INSPO HOOK,https://www.instagram.com/p/DA1P8ANJxjv/,188,,No
I jumped my (insert noun) from (insert before state) to (insert dream result).,AUTHORITY INSPO HOOK,https://www.instagram.com/p/DFsVpDVOAGf/,742,,No
Let's find out what (insert noun) you are in # steps.,EDUCATIONAL INSPO HOOK,https://www.instagram.com/p/DHXLZyrSP0w/,322,,No
(insert industry) tier list for (insert year).,EDUCATIONAL INSPO HOOK,https://www.instagram.com/p/DEirLE_s0QS/,784,,No
You know the feminine urge to open (insert business),STORYTELLING INSPO HOOK,https://www.instagram.com/p/DChR0akynLv/,150,,No
"(insert company) did not sponsor me this year, so here is how to make their (insert noun) at home.",EDUCATIONAL INSPO HOOK,https://www.instagram.com/reel/DCkHvJ1z-al/,115,,No
(insert time) I started accepting the choice to (insert drastic change).,STORYTELLING INSPO HOOK,https://www.instagram.com/reel/DHrVRsRyA1t/,853,,No
"If you want to be the (insert adjective) person in the room, it all starts when you (insert action).",EDUCATIONAL INSPO HOOK,https://www.instagram.com/reel/DDxd-jpvwNz/,139,,No
Would you feel more (insert trait) in this (insert noun) or this one?,COMPARISON INSPO HOOK,https://www.instagram.com/p/DGYr4vMKo3T/,571,,No
This is everything I bought at (insert store) today to stay (insert adjective) at (insert age).,EDUCATIONAL INSPO HOOK,https://www.instagram.com/p/DDaqJN4P--I/,175,,No
This is what a full (insert time) (insert action) looks like at top # (insert school) in (insert location).,EDUCATIONAL INSPO HOOK,https://www.instagram.com/reel/DFbEwDjTJh-/,501,,No
"In (insert time), I went from (insert before state) to (insert after state).",STORYTELLING INSPO HOOK,https://www.instagram.com/reel/DFfnKFWusVf/,205,,No
Let’s see what’s inside (insert noun).,EDUCATIONAL INSPO HOOK,https://www.instagram.com/reel/C9z8e7aO6Z4/,342,,No
"You guys know this look, when someone perfectly (insert action) and (insert action) I am obsessed with this (insert noun).",EDUCATIONAL INSPO HOOK,https://www.instagram.com/p/DDpulHmx30Z/,206,,No
"Me and my (insert person) are supposed to be (insert action), but instead we (insert action).",STORYTELLING INSPO HOOK,https://www.instagram.com/p/DHjhY8Vx2bw/,153,,No
Stop using (insert item) for (insert result).,MYTH BUSTING INSPO HOOK,https://www.instagram.com/p/DBe3QaNyQEi/,89,,No
This is the story of how I managed to do (insert achievement).,STORYTELLING INSPO HOOK,https://www.instagram.com/reel/DCg1__Wsy7F/,515,,No
This is every way to make (insert noun).,EDUCATIONAL INSPO HOOK,https://www.instagram.com/p/DIxgLtupDzP/,79,,No
Ever since I was (insert adjective) my (insert person) made it very clear to me that he/she was (insert adjective) about certain aspects of (insert noun).,STORYTELLING INSPO HOOK,https://www.instagram.com/p/CRZU6CDBcuY/,233,,No
Come to work with me as a (insert title).,DAY IN THE LIFE INSPO HOOK,https://www.instagram.com/p/DEtaTDvsV6J/,676,,No
"With the (insert life event) coming, it’s time to (insert action).",STORYTELLING INSPO HOOK,https://www.instagram.com/reel/DC2fx6XOD5c/,343,,No
So this is (insert weight) of (insert noun) if I (insert verb) that to a (insert noun) what is that equivalent to for humans.,EDUCATIONAL INSPO HOOK,https://www.instagram.com/reel/DFhtYRTynQA/,412,,No
(insert noun) I would make for you based on your favorite (insert noun).,EDUCATIONAL INSPO HOOK,https://www.instagram.com/p/DF-hWdEu9Pr/,218,,No
A little over (insert time) ago I posted a video about the benefits of (insert action).,STORYTELLING INSPO HOOK,https://www.instagram.com/reel/DG8iDwOuA6R/,873,,No
X years ago my (insert person) told me (insert quote).,STORYTELLING INSPO HOOK,https://www.instagram.com/p/C84meBcM9NB/,227,,No
"(insert noun) is my second (insert noun) and here are the # (insert noun) I did over, and over, and over again to improve my (insert noun).",AUTHORITY INSPO HOOK,https://www.instagram.com/p/DFSbi04zM8c/,943,,No
This is how I got my (insert noun) from this to this completely natural.,AUTHORITY INSPO HOOK,https://www.instagram.com/p/DFJJImVx2VW/,535,,No
If you're a (target audience) and you want to become (insert dream result) by (insert action) then listen to this video because you have such a big advantage and I will tell you how to conquer it.,EDUCATIONAL INSPO HOOK,https://www.instagram.com/p/DE9tW4dyxlJ/,804,,No
Everyone is complimenting on my (insert noun) because of one (insert noun) routine that I do.,AUTHORITY INSPO HOOK,https://www.instagram.com/p/C-NrgKvR4KS/,779,,No
It’s also super hard to get (insert result) especially with the (insert condition).,EDUCATIONAL INSPO HOOK,https://www.instagram.com/reel/DENwo4Fvh6f/,861,,No
(insert noun) is my second (insert noun) so here are # of (insert noun) that I used to do a lot and I recommend my students as well.,EDUCATIONAL INSPO HOOK,https://www.instagram.com/p/DFfX1XQTzfP/,176,,No
"This was me when I was (insert pain point), (insert pain point), and (insert pain point).",STORYTELLING INSPO HOOK,https://www.instagram.com/reel/C5TmBcrrTxF/,615,,No
I am going to hold you hand while I tell you this. If you only have # of (insert noun) you are not doing it the right way.,MYTH BUSTING INSPO HOOK,https://www.instagram.com/p/DCZ9dK9Jjlw/,161,,No
(insert year) I met my (insert person) when working at (insert job).,STORYTELLING INSPO HOOK,https://www.instagram.com/p/DHrK16iM1-B/,995,,No
"(insert noun) is believed to be super bad for us. Causing (insert symptom), (insert symptom), (insert symptom), and even (insert symptom).",EDUCATIONAL INSPO HOOK,https://www.instagram.com/reel/DIMbDQhsNyG/,97,,No
If you (insert verb) this (insert noun) this is the amount of (insert noun) your body would (insert result).,EDUCATIONAL INSPO HOOK,https://www.instagram.com/p/DFGDnHYg6hf/,844,,No
I am trying a different (insert noun) for each letter of the alphabet.,RANDOM INSPO HOOK,https://www.instagram.com/p/DFdgmSDx5h7/,924,,No
(insert industry) tier list for 2025.,EDUCATIONAL INSPO HOOK,https://www.instagram.com/reel/DG1WCj0PIML/,890,,No
Here are # of pricing mistakes we made when starting our (insert business).,EDUCATIONAL INSPO HOOK,https://www.instagram.com/reel/DGmFoxiSikU/,420,,No
So I (insert shocking action) for over (insert time frame),STORYTELLING INSPO HOOK,https://www.instagram.com/reel/C94_dh1JEeE/,142,,No
Do you feel (insert pain point) by your (insert noun) consistent (insert pain point).,EDUCATIONAL INSPO HOOK,https://www.instagram.com/reel/DCXqEOfya7M/,162,,No
"Would you buy a house with no (insert noun), well my (insert person) did!",STORYTELLING INSPO HOOK,https://www.instagram.com/p/DDxL49LJwSV/,27,,No
If you have a (insert noun) and you see that the (insert noun) is (insert observation) that's a dead giveaway that they are (insert action).,EDUCATIONAL INSPO HOOK,https://www.instagram.com/reel/DBZtE6ERLOK/,594,,No
"The lack of clinical studies on (insert noun) isn't because it doesn't work, it's because...",EDUCATIONAL INSPO HOOK,https://www.instagram.com/p/DHjYM2oukHZ/,147,,No
I am about to go on the biggest bender of my entire life!,STORYTELLING INSPO HOOK,https://www.instagram.com/p/DI4JR8TOMdS/,951,,No
You should be able to look at her/his (insert noun) and see if come up to her/his (insert noun) here.,EDUCATIONAL INSPO HOOK,https://www.instagram.com/reel/DIj99kYuTk0/,938,,No
So I just turned (insert age),STORYTELLING INSPO HOOK,https://www.instagram.com/reel/DAfc0ZsRA_f/,512,,No
This is how much (insert noun) you would lose at the end of the day with a (insert metric) (insert noun).,EDUCATIONAL INSPO HOOK,https://www.instagram.com/p/DFFuLlcK9j4/,508,,No
Why is it we are all so stressed about (insert noun) but we also all have a (insert noun) in (insert location).,EDUCATIONAL INSPO HOOK,https://www.instagram.com/p/DFtSk25uUH_/,40,,No
Did you know our chicken is dunked in chlorine?,EDUCATIONAL INSPO HOOK,https://www.instagram.com/reel/DGGSGPGoKMa/,266,,No
Hi I am (insert name) and I have been secretly (insert action) for # years.,STORYTELLING INSPO HOOK,https://www.instagram.com/p/DIz_U_1NY5J/,707,,No
"If you are anything like me, you take your (insert action) very seriously",STORYTELLING INSPO HOOK,https://www.instagram.com/p/DBnbVTMSaJb/,187,,No
This is how my (insert event/item/result) changed my life.,STORYTELLING INSPO HOOK,https://www.instagram.com/p/C9t1s7myhI7/,12,,No
Build a (insert noun) with me while I (insert action).,STORYTELLING INSPO HOOK,https://www.instagram.com/p/DFESQ5bMLUy/,288,,No
"(insert action) I have never (insert action) before, to prove (insert action) is easy.",MYTH BUSTING INSPO HOOK,https://www.instagram.com/p/DDh_Y0PzPi9/,910,,No
Here are (insert #) of (insert noun) from (insert noun) that I am going to (insert verb) in (insert time frame).,EDUCATIONAL INSPO HOOK,https://www.instagram.com/p/DGwvVNDMQBA/,91,,No
The ultimate assembly video of my (insert huge metric) (insert noun).,STORYTELLING INSPO HOOK,https://www.instagram.com/reel/DG6zBv9xjKN/,603,,No
"This is (insert metric) of (insert noun) for (insert price), and this is also (insert metric) of (insert noun) for (insert price).",COMPARISON INSPO HOOK,https://www.instagram.com/p/DCj8U4WJPmj/,647,,No
You're losing your boyfriend/girlfriend this week to (insert event/hobby).,RANDOM INSPO HOOK,https://www.instagram.com/p/C_d78KaSl4e/,422,,No
If I only had (insert time frame) in the (insert location/place) this is exactly what I would do to get (insert dream result).,EDUCATIONAL INSPO HOOK,https://www.instagram.com/p/C-9slRRoYAA/,237,,No
How I married my middle school/highschool/college girlfriend/boyfriend.,STORYTELLING INSPO HOOK,https://www.instagram.com/p/DCcFOykRggl/,360,,No
"Come with me to earn $ per day, with (insert avenue).",DAY IN THE LIFE INSPO HOOK,https://www.instagram.com/reel/DHXVJGsRKa1/,262,,No
I am (insert life event) in (insert time frame) and I just wrote a letter that I wish my (insert age) self would have read.,STORYTELLING INSPO HOOK,https://www.instagram.com/p/DFf7WpdREbp/,346,,No
If you have when you see a girl and she just has (insert dream result).,EDUCATIONAL INSPO HOOK,https://www.instagram.com/p/DFNwwbpvxzi/,733,,No
This week in fatherhood/motherhood I am please to report that I (insert result).,STORYTELLING INSPO HOOK,https://www.instagram.com/reel/DF3nqffSL7r/,455,,No
Nothing could have prepared me for how it feels being in your (insert age group) and (insert situation).,STORYTELLING INSPO HOOK,https://www.instagram.com/p/DCPdQiGoOoz/,778,,No
I have (insert action) over (insert #) in my life,STORYTELLING INSPO HOOK,https://www.instagram.com/p/C9GM_SJpJ3k/,665,,No
If you’re between the ages of (insert age) to (insert age) and you feel like (insert pain point).,EDUCATIONAL INSPO HOOK,https://www.instagram.com/p/DH2KovNtk8l/,90,,No
What would happen if you (insert dangerous action).,EDUCATIONAL INSPO HOOK,https://www.instagram.com/reel/DHgpcAXJMT8/,853,,No
If you (insert action) this (insert noun) then yes i'm judging you.,MYTH BUSTING INSPO HOOK,https://www.instagram.com/p/DIKYWrVpgp4/,110,,No
As you may know I have been (insert action) to (insert dream result).,STORYTELLING INSPO HOOK,https://www.instagram.com/p/DF-_e2MNx8u/,332,,No
"I am going to do it, i’m going to flip this... house.",STORYTELLING INSPO HOOK,https://www.instagram.com/reel/DGidAKiuEpN/,273,,No
I would like to welcome you to my (insert location).,STORYTELLING INSPO HOOK,https://www.instagram.com/reel/DDqPDWny-9a/,938,,No
"If you’re a young (insert person) and you are a (insert result) (insert title), let me tell you something you got a bright future buddy.",MYTH BUSTING INSPO HOOK,https://www.instagram.com/p/DIfDhHqTlkW/,568,,No
"I (insert dream result) in the past (insert time frame), here's proof.",AUTHORITY INSPO HOOK,https://www.instagram.com/p/DHtmwvQRSUX/,289,,No
"# minutes ago (insert pain point) and had (insert pain point) if you want to (insert dream result), here is how you do it under # minutes.",EDUCATIONAL INSPO HOOK,https://www.instagram.com/reel/DFp0aJjuEqW/,145,,No
Buying things I don’t need because I have adult money.,STORYTELLING INSPO HOOK,https://www.instagram.com/p/DFJZaQsS7f6/,405,,No
If you're somebody who (insert action) and your goal is to (insert dream result) and (insert dream result) at the same time. Then here are my # best tips.,EDUCATIONAL INSPO HOOK,https://www.instagram.com/p/DGn7kKyu_5G/,898,,No
So I was just (insert action) to do my (insert action) of the day when I saw that...,STORYTELLING INSPO HOOK,https://www.instagram.com/p/DIbTyiMyVek/,155,,No
The reason you can't (insert dream result) to get that (insert dream result) you keep talking about is because...,EDUCATIONAL INSPO HOOK,https://www.instagram.com/p/DDKbMBDPz-R/,424,,No
Here are # of ways to make (insert noun).,EDUCATIONAL INSPO HOOK,https://www.instagram.com/p/DGg2PpYpPsD/,277,,No
If you’re cooked for your (insert life event) but still can’t find the motivation to do (insert action) you’re gonna want to see this.,EDUCATIONAL INSPO HOOK,https://www.instagram.com/p/DC3Zn1Vx7O9/,886,,No
There;s probably a reason why most people don't (insert action).,STORYTELLING INSPO HOOK,https://www.instagram.com/reel/DHbjAxavLKw/,347,,No
"I bought this (insert noun) for (insert $), and I am going to make it worth over (insert $) without changing the product in any way.",STORYTELLING INSPO HOOK,https://www.instagram.com/reel/DHtn8PPo5_r/,80,,No
I didn't realize how bad I lost myself.,STORYTELLING INSPO HOOK,https://www.instagram.com/p/DIU81u_pdBM/,679,,No
"# days ago I quit (insert noun) as a (insert age) (insert title), and started (insert noun) for literally one reason.",STORYTELLING INSPO HOOK,https://www.instagram.com/reel/DIfR8HKN1S-/,32,,No
Welcome back to me (insert verb) my (insert person) (insert noun).,STORYTELLING INSPO HOOK,https://www.instagram.com/p/DIwpRgJJQPs/,137,,No
Apparently if you...,EDUCATIONAL INSPO HOOK,https://www.instagram.com/reel/DFViUxyuruw/,767,,No
You are not (insert label) is something I wish I could have told my younger self.,STORYTELLING INSPO HOOK,https://www.instagram.com/p/DGQrQ7LvWlV/,412,,No
"We are going to text (insert noun), today on how (insert adjective) is it.",EDUCATIONAL INSPO HOOK,https://www.instagram.com/reel/DIRbQ9PvbTm/,350,,No
If you want to end up (insert pain point) then skip this video.,EDUCATIONAL INSPO HOOK,https://www.instagram.com/p/DDfZ4qZPTN8/,395,,No
It starts off like this...,EDUCATIONAL INSPO HOOK,https://www.instagram.com/reel/DC8xcCbJ-VSw/,350,,No
If you told (insert age) me that I wouldn't be a (insert title) I would probably tell you to go screw yourself.,STORYTELLING INSPO HOOK,https://www.instagram.com/p/DGPLfdUv5Zd/,935,,No
Just because you do (insert action) doesn't make you a good (insert label).,MYTH BUSTING INSPO HOOK,https://www.instagram.com/reel/DHrRQ2uv22F/,814,,No
30 seconds of (insert industry) advice I give my best friend if he/she were starting from scratch.,EDUCATIONAL INSPO HOOK,https://www.instagram.com/p/DDyGbH-xMoc/,769,,No
If your (insert noun) are not lasting you at least (insert time frame) you are probably doing them wrong.,MYTH BUSTING INSPO HOOK,https://www.instagram.com/p/DETLyaexWaQ/,495,,No
My (insert person) has never been in the (insert place) before let's see if she can tell who is (insert adjective) or not.,RANDOM INSPO HOOK,https://www.instagram.com/p/DHwLIKmuE9a/,290,,No
Welcome to day # of starting my life over at (insert age).,STORYTELLING INSPO HOOK,https://www.instagram.com/reel/DHOxtt0NE6o/,183,,No
It all started when (insert person) (insert action).,STORYTELLING INSPO HOOK,https://www.instagram.com/p/DC5ioSRMrnS/,572,,No
So (insert time frame) ago me and my (insert person) had a little too much fun.,STORYTELLING INSPO HOOK,https://www.instagram.com/p/DGg5Lz2SN0T/,691,,No
The top # (insert noun) for (insert target audience).,EDUCATIONAL INSPO HOOK,https://www.instagram.com/reel/DGlwOhMRkyG/,264,,No
If I could suggest any tip to any (insert person) out these it would be this.,EDUCATIONAL INSPO HOOK,https://www.instagram.com/reel/DFBFcSLSgHL/,879,,No
I have never ended (insert noun) with a (insert result) or below.,AUTHORITY INSPO HOOK,https://www.instagram.com/reel/DFfNiKHOzpr/,857,,No
X days/months/years ago I stopped (insert action/or habit) and started (insert action/or habit),STORYTELLING INSPO HOOK,https://www.instagram.com/reel/DDvdqxIJcbe/,683,,No
Fourtnely my (insert person) and I have a tendency to be a little bit impulsive.,STORYTELLING INSPO HOOK,https://www.instagram.com/reel/DGNL0Buyid_/,951,,No
"You are not bad at (insert action), you probably were just never taught how to (insert action).",MYTH BUSTING INSPO HOOK,https://www.instagram.com/p/DHYuMQYp0Kv/,866,,No
I had just (insert time) to (insert verb) (insert #) of (insert noun) for a (insert person). And you have until the end of the video to guess who they are for.,STORYTELLING INSPO HOOK,https://www.instagram.com/p/C6O91GDLbUc/,357,,No
(insert action) for (insert period of time) and you will get (insert dream result).,EDUCATIONAL INSPO HOOK,https://www.instagram.com/georgiaheins/reel/C8Z9DfdMgZ_/,46,,No
So I am (insert age) and I work nights at (insert store) that’s the dream life right?,STORYTELLING INSPO HOOK,https://www.instagram.com/reel/DIW6N1gto6i/,287,,No
# things I would never (insert action) in my (insert age range) if I wanted to (insert dream result) by (insert age range).,MYTH BUSTING INSPO HOOK,https://www.instagram.com/share/BAGNNxOLAP,860,,No
This is what (insert money amount) will get you in (insert location).,EDUCATIONAL INSPO HOOK,https://www.instagram.com/p/DHQ7CG0xxmr/,429,,No
What I eat in a day on the (insert noun) diet.,EDUCATIONAL INSPO HOOK,https://www.instagram.com/reel/DELePTnSGAD/,184,,No
"Stop buying your (insert noun) like this, and start buying them like this.",EDUCATIONAL INSPO HOOK,https://www.instagram.com/p/DE5ONXRsxs3/,530,,No
Did you know your (insert noun) are programmed to make your (insert result).,EDUCATIONAL INSPO HOOK,https://www.instagram.com/p/DGcvCDdvEZ2/,392,,No
"I am willing to bet, this (insert noun) is older than you.",EDUCATIONAL INSPO HOOK,https://www.instagram.com/reel/DEkn1RAxZur/,288,,No
(Insert noun) is actually a really good (Insert noun) for (insert result).,MYTH BUSTING INSPO HOOK,https://www.instagram.com/reel/C5yQUs6LQMM/,211,,No
This one mistake can actually kill your (insert living thing).,EDUCATIONAL INSPO HOOK,https://www.instagram.com/reel/DGrhiv8zOQQ/,506,,No
Hi I am (insert first name) and I am starting (insert business) from scratch.,STORYTELLING INSPO HOOK,https://www.instagram.com/reel/DDEBm2jOYMG/,373,,No
X days/months/years ago I decided to (insert decision),STORYTELLING INSPO HOOK,https://www.instagram.com/p/C-IOTqUtbth/,175,,No
If I were to create a collab campaign for (insert big brands) here's how I would do it.,AUTHORITY INSPO HOOK,https://www.instagram.com/reel/DDWwZtZi4Jt/,661,,No
So about a month ago my (insert person) and I did (insert action).,STORYTELLING INSPO HOOK,https://www.instagram.com/p/DImqKRqy4xr/,654,,No
I have no idea what I am doing at (insert place).,STORYTELLING INSPO HOOK,https://www.instagram.com/p/DF-ubrfxnVV/,774,,No
People know me for nearly losing (insert noun) and dying in (insert location).,STORYTELLING INSPO HOOK,https://www.instagram.com/reel/DCvyp8lqoSU/,892,,No
If you want to start a (insert noun) in (insert year) here are some things you are going to need.,EDUCATIONAL INSPO HOOK,https://www.instagram.com/reel/DEdSzXhzTEH/,186,,No
This is what I (insert action) in a day as someone who is trying to (insert action) less and (insert action) more.,STORYTELLING INSPO HOOK,https://www.instagram.com/reel/DEqcQsap3cm/,432,,No
Why does nobody talk about the cost of (insert action).,EDUCATIONAL INSPO HOOK,https://www.instagram.com/p/DIbM_TgS5se/,746,,No
If you're trying to (insert dream results) then here is the one (insert thing) you should do.,EDUCATIONAL INSPO HOOK,https://www.instagram.com/p/DFCyBHfNnlZ/,552,,No
"If I woke up (insert pain point) tomorrow, and wanted to (insert dream result) by (insert time) here’s exactly what I would do.",EDUCATIONAL INSPO HOOK,https://www.instagram.com/p/DGOZZYhS1cj/,699,,No
This girl/boy was in her/his flop era.,STORYTELLING INSPO HOOK,https://www.instagram.com/reel/DAOowDot7OB/,170,,No
I bought this (insert noun) for (insert $) and let me show you what I did next.,EDUCATIONAL INSPO HOOK,https://www.instagram.com/reel/DIABtwhxH-X/,161,,No
I see you doing nothing but (insert action) after (insert event) so follow this agenda to avoid that.,EDUCATIONAL INSPO HOOK,https://www.instagram.com/share/BADjOvZhzs,928,,No
X days/months/years ago I bought a (insert noun) as a (insert age) with a full-time (insert job).,STORYTELLING INSPO HOOK,https://www.instagram.com/share/_tH1dbAEq,97,,No
"If you’re in your (insert 20’s, 30’s, 40’s, 50’s, 60’, etc) then these are the # of things you need to do to make sure you don;t end up (insert pain point) by (insert age).",EDUCATIONAL INSPO HOOK,https://www.instagram.com/calltoleap/reel/C9atuV6s3J0/,17,,No
"My (insert label) (insert name) and I, started (insert business) in (insert year).",STORYTELLING INSPO HOOK,https://www.instagram.com/p/DFtp0PRuorw/,303,,No
I think (insert belief/opinion) so I have been taking matters into my own hands,STORYTELLING INSPO HOOK,https://www.instagram.com/reel/DFq4B3uSYSh/,557,,No
(insert noun) day # (insert event about that day).,DAY IN THE LIFE INSPO HOOK,https://www.instagram.com/reel/DICaRJ6BF2C/,932,,No
Here's how to build a good (insert noun) rotation.,EDUCATIONAL INSPO HOOK,https://www.instagram.com/reel/DDkarIGP6Da/,870,,No
The most important things I will teach my kids as a (insert job title).,EDUCATIONAL INSPO HOOK,https://www.instagram.com/p/DDce9wDuc8j/,513,,No
If you're (insert age range) these are the # things you need to do so you don't end up (insert pain point) by (insert age).,EDUCATIONAL INSPO HOOK,https://www.instagram.com/reel/C9atuV6s3J0/,88,,No
I already know I am going to get a bunch of hate for this but the (insert noun) is getting taken out today.,STORYTELLING INSPO HOOK,https://www.instagram.com/reel/DGErAlDujW_/,366,,No
If you have (insert pain point) but not much time to (insert action) and you want to (insert result) then save these (insert noun) and (insert noun) steps/routines/tips.,EDUCATIONAL INSPO HOOK,https://www.instagram.com/reel/DGbQ6H0t1Mv/,623,,No
Top # ways not to (insert action) to the (insert person) you (insert noun).,EDUCATIONAL INSPO HOOK,https://www.instagram.com/p/DDqCq5hpH56/,366,,No
Have you ever wondered why (insert noun) (insert adjective) is much better than (insert noun).,STORYTELLING INSPO HOOK,https://www.instagram.com/p/DH2JoeSRvJq/,816,,No
If you’re trying to (insert dream result) and you haven't got a clue what to (insert action) on a daily basis I am going to show you an example.,EDUCATIONAL INSPO HOOK,https://www.instagram.com/p/C5yjeP-REZx/,912,,No
When I was (insert description) I was always (insert bad habit),STORYTELLING INSPO HOOK,https://www.instagram.com/p/CzevtHvyxxX/,450,,No
This (insert adjective) (insert noun) gets (insert verb) by this (insert adjective) (insert noun).,EDUCATIONAL INSPO HOOK,https://www.instagram.com/p/DHXK02AS5gs/,596,,No
"This is me (insert life state), yes my (insert observation) all my (insert persons) were (insert action) but I couldn't because I had to (insert scenario)",STORYTELLING INSPO HOOK,https://www.instagram.com/p/DAjykz5uqk3/,415,,No
It took me 10 years to learn this but I’ll teach it to you in less than 1 minute.,EDUCATIONAL INSPO HOOK,https://www.instagram.com/p/C-sSyDpoyMX/,444,,No
In this video see if you can tell what’s real and what’s (inset noun).,EDUCATIONAL INSPO HOOK,https://www.instagram.com/p/DIeIvIfJVq1/,194,,No
I got (insert result) at (insert age) and (insert result) by (insert age) if you are scared about (insert result) this is for you.,STORYTELLING INSPO HOOK,https://www.instagram.com/p/DF9aqV_JPlA/,622,,No
What happens when you (insert action) then you end up (insert result) but you (insert challenge),STORYTELLING INSPO HOOK,https://www.instagram.com/reel/DEIty1ju6EF/,637,,No
This is exactly how you and your friends are going to get (insert result) before this (insert time).,EDUCATIONAL INSPO HOOK,https://www.instagram.com/reel/DId6_M-AwGL/,988,,No
Give me 10 seconds and I will let you know if you have a (insert noun) or a (insert noun).,EDUCATIONAL INSPO HOOK,https://www.instagram.com/p/DH-d8R2xUkT/,755,,No
I’ve (insert verb) this almost every single day of my entire life.,STORYTELLING INSPO HOOK,https://www.instagram.com/p/DGygqjJSIXS/,481,,No
This is every way to (insert action).,EDUCATIONAL INSPO HOOK,https://www.instagram.com/p/DHtlJGYN5wB/,547,,No
Here's exactly how you're gonna lock in if you want to (insert dream result).,EDUCATIONAL INSPO HOOK,https://www.instagram.com/reel/DC5P-_EMzFm/,592,,No
You know those days where it feels like (insert scenario) well today was that day for me.,STORYTELLING INSPO HOOK,https://www.instagram.com/p/DHgZAkCRzQ7/,28,,No
It all started when (insert person) (insert action),STORYTELLING INSPO HOOK,https://www.instagram.com/p/DC5ioSRMrnS/,646,,No
This is how my X changed my life,STORYTELLING INSPO HOOK,https://www.instagram.com/p/C9t1s7myhI7/,166,,No
"This (option #1) has (insert noun) in it, and (option #2) has (insert noun) in it.",COMPARISON INSPO HOOK,https://www.instagram.com/reel/DBTo-UctI9R/,302,,No
"If you are paying over (insert price amount) for a (insert noun), you might as well buy a (insert noun).",EDUCATIONAL INSPO HOOK,https://www.instagram.com/p/C55wTztrNF0/,758,,No
As a (insert title) for several years whose (insert action) I often get asked (insert name) (insert question).,AUTHORITY INSPO HOOK,https://www.instagram.com/reel/DGRSq17OLPV/,352,,No
"I got to (insert verb) for (insert noun) (insert time), but let me just (insert verb) for a bit.",EDUCATIONAL INSPO HOOK,https://www.instagram.com/p/DEgLL4XOMGi/,539,,No
Do you have a (insert pain point) don’t waste your money trying to (insert solution) it's just going to come back.,EDUCATIONAL INSPO HOOK,https://www.instagram.com/p/DEu0CsYu3Qa/,107,,No
"Lets see what $1,800 a month gets you in (insert location).",EDUCATIONAL INSPO HOOK,https://www.instagram.com/p/DAUl55ypr-C/,682,,No
"If you (insert action) like this, then you're doing it wrong.",MYTH BUSTING INSPO HOOK,https://www.instagram.com/p/DHcv_7uBv1p/,404,,No
"F*ck it, I am going to role # of (insert noun) in 60 seconds.",EDUCATIONAL INSPO HOOK,https://www.instagram.com/reel/DEnKwgGJi9p/,237,,No
We (insert action) over # of the most (insert adjective) (insert profession) and # responded.,STORYTELLING INSPO HOOK,https://www.instagram.com/reel/DEOUKcLPUZe/,676,,No
I have (insert event) in (insert time) and I have not started (insert action). And if I don’t do well I have to (insert consequence).,STORYTELLING INSPO HOOK,https://www.instagram.com/reel/DDubxvxpHc1/,46,,No
They say you can’t (insert result) with (insert noun) but they're wrong.,EDUCATIONAL INSPO HOOK,https://www.instagram.com/reel/C17LtU2Ltov/,464,,No
"I’ll tell you a story, We have # (insert noun) that were invented to solve 3 different problems.",EDUCATIONAL INSPO HOOK,https://www.instagram.com/reel/DF9D6aCT4R2/,683,,No
So I messed up,STORYTELLING INSPO HOOK,https://www.instagram.com/reel/DD9yJvGRdoO/,115,,No
If I were starting over in my (insert age range) with no (insert item) here are the top # things I would do to (insert dream result).,EDUCATIONAL INSPO HOOK,https://www.tiktok.com/t/ZT2MLqDUQ/,775,,No
This is what (insert number) of (insert item) looks like.,MYTH BUSTING INSPO HOOK,https://www.instagram.com/p/C60q1FPPrLW/,351,,No
If you're a (insert target audience) and you want (insert dream result) by (insert avenue) then listen to this video.,EDUCATIONAL INSPO HOOK,https://www.instagram.com/reel/DE9tW4dyxlJ/,16,,No
Did you know that you could (insert verb) a year's worth of (insert noun) in (insert time frame).,EDUCATIONAL INSPO HOOK,https://www.instagram.com/p/DDQwKwgx4iX/,316,,No
Customer called me up because they had (insert situation) and wanted it (insert result) immediately.,STORYTELLING INSPO HOOK,https://www.instagram.com/reel/DEOTavZx5TX/,694,,No
Everyone tells you to (insert action) but nobody actually tells you how to do it. Here is a # second step by step tutorial that you can save.,EDUCATIONAL INSPO HOOK,https://www.instagram.com/reel/DC2pqKUpy7C/,449,,No
This is harder than getting into Harvard.,EDUCATIONAL INSPO HOOK,https://www.instagram.com/p/DFNdSUruSOQ/,690,,No
I'm (insert age) and I'm not ashamed to admit that >>,STORYTELLING INSPO HOOK,https://www.instagram.com/reel/DFOqo61NrJu/,839,,No
If you (insert action) for (insert timeframe) what would happen?,EDUCATIONAL INSPO HOOK,https://www.instagram.com/reel/DF-vR6fJuoY/,365,,No
Your (insert noun) looks like this and you want them to look like this.,EDUCATIONAL INSPO HOOK,https://www.instagram.com/p/DD0PRBppkqQ/,655,,No
This is the ultimate assembly video of my (insert noun).,STORYTELLING INSPO HOOK,https://www.instagram.com/p/DG6zBv9xjKN/,893,,No
I went to (insert school type) so you don't have to.,EDUCATIONAL INSPO HOOK,https://www.instagram.com/p/DCrxn_5RFDS/,426,,No
How I got my (insert item/thing) from this to this.,AUTHORITY INSPO HOOK,https://www.instagram.com/p/C89iASFu7GA/,243,,No
# things everyone needs to know how to fix in an (insert location).,EDUCATIONAL INSPO HOOK,https://www.instagram.com/p/DFbZEG2yJ1k/,248,,No
"We spent all day (insert action), burning through (insert metric) of (insert noun), and now I am having a fully blown (insert noun) choice crisis.",STORYTELLING INSPO HOOK,https://www.instagram.com/reel/DIN67zVzrrX/,381,,No
X years ago (insert people) (insert action).,STORYTELLING INSPO HOOK,https://www.instagram.com/p/C_50kObxUwc/,850,,No
Here’s how you can guess an almost perfect number every single time.,EDUCATIONAL INSPO HOOK,https://www.instagram.com/p/DEDbAV7tpX5/,607,,No
"Just because you have never (insert action) before, doesn't make you a (insert label) person.",MYTH BUSTING INSPO HOOK,https://www.instagram.com/p/DGb8XGgtwN5/,629,,No
This was the (insert noun) that changed my life forever.,STORYTELLING INSPO HOOK,https://www.instagram.com/p/DHm-oK2sa90/,836,,No
Here's a little (insert noun) 101 for you.,EDUCATIONAL INSPO HOOK,https://www.instagram.com/p/DIloBsPuj-B/,179,,No
Just # (insert item/action) took my client from (insert before) to (insert after).,AUTHORITY INSPO HOOK,https://www.instagram.com/p/C9XVmDQS2z-/,383,,No
"(insert verb) (insert noun), (insert action), and don’t (insert result). Welcome to (insert event).",STORYTELLING INSPO HOOK,https://www.instagram.com/reel/DGOH0THOBSl/,386,,No
Here are some slightly unethical (insert industry/niche) hacks that you should know if you're (insert target audience).,EDUCATIONAL INSPO HOOK,https://www.instagram.com/reel/C-8RO71JxRv/,496,,No
Did you know you only need # of ingredients to make (insert noun).,EDUCATIONAL INSPO HOOK,https://www.instagram.com/reel/DEYRmDGRTaU/,518,,No
"I make more money than doctors, engineers, and lawyers and no I didn't go to college for more than 6 years to get a degree.",EDUCATIONAL INSPO HOOK,https://www.instagram.com/p/DIW3NDOORrg/,688,,No
I was harassed by (insert noun) so I had to do this.,STORYTELLING INSPO HOOK,https://www.instagram.com/reel/DHZvMput7H8/,444,,No
I don’t have a backup plan so this kind of needs to work.,STORYTELLING INSPO HOOK,https://www.instagram.com/p/C7XpT7tPwCP/,504,,No
This is what my morning looks like while (insert situation).,STORYTELLING INSPO HOOK,https://www.instagram.com/reel/DExrL91JUcS/,587,,No
You're using your (insert noun) wrong and I am going to show you how to use it the right way.,MYTH BUSTING INSPO HOOK,https://www.instagram.com/p/DIOwnaJJ976/,497,,No
This is (insert large number) of (insert item).,RANDOM INSPO HOOK,https://www.instagram.com/p/C84vUYRMEtm/,621,,No
If your (insert current state) you can’t just (insert result) like everyone else.,EDUCATIONAL INSPO HOOK,https://www.instagram.com/reel/C5B64cPIrhi/,353,,No
So (insert time) ago my (insert person) and I bought a (insert noun).,STORYTELLING INSPO HOOK,https://www.instagram.com/reel/DImqKRqy4xr/,765,,No
I lost over (insert metric) in (insert time frame) and here are the # of things I would do if I was to start all over.,AUTHORITY INSPO HOOK,https://www.instagram.com/p/DGgs20kvL2r/,912,,No
3 (insert noun) we do not recommend for the first time (insert noun) owners/users.,EDUCATIONAL INSPO HOOK,https://www.instagram.com/reel/DB34v2osmcT/,437,,No
This is the reason (insert noun) is the size they are.,EDUCATIONAL INSPO HOOK,https://www.instagram.com/reel/DFUrWD3P_uA/,333,,No
To (insert verb) the (insert metric) in this (insert noun) the average would have to (insert action) for (insert time frame).,EDUCATIONAL INSPO HOOK,https://www.instagram.com/p/DFTappzSSBa/,689,,No
Come with me to break up with (insert object/company/etc),STORYTELLING INSPO HOOK,https://www.instagram.com/reel/DGDiMQMvslT/,71,,No
I spent an entire (insert time) (insert verb) but was it a waste of time?,STORYTELLING INSPO HOOK,https://www.instagram.com/p/DExfsiBu1mI/,6,,No
What happened to (insert adjective) (insert noun).,EDUCATIONAL INSPO HOOK,https://www.instagram.com/reel/DA_7YdHo3S2/,699,,No
I gained (insert pounds/kilos) during (insert life event).,STORYTELLING INSPO HOOK,https://www.instagram.com/reel/DG1ZicxMEJo/,244,,No
Here's how I made a wireless (insert noun) that is valued at (insert price).,STORYTELLING INSPO HOOK,https://www.instagram.com/p/DHgznKnCq0U/,391,,No
This is how I got to (insert cool opportunity) in my X week/month/year of doing/starting (insert business or job),STORYTELLING INSPO HOOK,https://www.instagram.com/reel/DD36juzzvlO/,882,,No
Yesterday I was at (insert location) when I noticed something (insert adjective),STORYTELLING INSPO HOOK,https://www.instagram.com/reel/DFLw3SmSNti/,925,,No
When I told my (insert person) I was going to start doing this he/she thought it was the worst idea ever.,STORYTELLING INSPO HOOK,https://www.instagram.com/p/DGhD18oBVds/,872,,No
How (insert action) ended with a (insert person) at my house telling me how lucky we are that (insert accident) didn't happen.,STORYTELLING INSPO HOOK,https://www.instagram.com/reel/DG6_U-JxKtt/,496,,No
Here are the # (insert noun) items you need to throw in the garbage right now.,EDUCATIONAL INSPO HOOK,https://www.instagram.com/reel/DDgfQ8CqiQA/,346,,No
I (insert action),STORYTELLING INSPO HOOK,https://www.instagram.com/reel/DEVd9n0SEGK/,729,,No
Is it possible for (insert description) to make (insert $) a month?,STORYTELLING INSPO HOOK,https://www.instagram.com/reel/DFkNykWxPoe/,784,,No
You crave (insert noun) on your (insert scenario) here's why.,EDUCATIONAL INSPO HOOK,https://www.instagram.com/p/DFYO1KMxUoy/,815,,No
I started my (insert business) when I was (insert age) with (insert $).,STORYTELLING INSPO HOOK,https://www.instagram.com/p/C9GHw6MO48j/,139,,No
Come take a (insert noun) with me that I did not (insert action) for at all.,STORYTELLING INSPO HOOK,https://www.instagram.com/reel/DEArdkWRoI3/,937,,No
"(insert noun), (insert noun), (insert noun), are the basic components of a (insert noun).",EDUCATIONAL INSPO HOOK,https://www.instagram.com/p/DFJYlNVIzSa/,298,,No
(insert well known brand) commented that I am their new favorite (insert title).,AUTHORITY INSPO HOOK,https://www.instagram.com/reel/DH4GEtKBzbo/,607,,No
If you want to add (insert noun) to you (insert noun) in (insert year) and you don’t know what (insert noun) to get I got you.,EDUCATIONAL INSPO HOOK,https://www.instagram.com/reel/DF82wujO17l/,97,,No
So I recently started feeling (insert feeling) everyone talks about,STORYTELLING INSPO HOOK,https://www.instagram.com/reel/C9KNzOkIk6m/,560,,No
I have a problem. Which is that my (insert noun) it (insert pain point) and (insert pain point). So i’m going to build my own (insert noun) that has (insert benefit).,STORYTELLING INSPO HOOK,https://www.instagram.com/reel/DI6qlyqJ9WP/,142,,No
This is (insert large number) of (insert noun).,EDUCATIONAL INSPO HOOK,https://www.instagram.com/georgiaheins/reel/C9uzMCJMrEL/,514,,No
Every (insert store type) has a million (insert noun) with different (insert noun). But some of them are more special than others.,EDUCATIONAL INSPO HOOK,https://www.instagram.com/reel/DEabsX3pRsJ/,574,,No
# things you should never put in the (insert noun).,EDUCATIONAL INSPO HOOK,https://www.instagram.com/reel/DDxoAs_TciE/,578,,No
We are not even (insert time frame) into (insert year) and have gone from being a (insert before state) to (insert after state).,STORYTELLING INSPO HOOK,https://www.instagram.com/p/DFzAPKqsRip/,43,,No
My customer/client got (insert dream result) without (insert pain point).,AUTHORITY INSPO HOOK,https://www.instagram.com/reel/C4VceenL2Wq/,984,,No
Give me 10 seconds and I will let you know what one suits you best.,EDUCATIONAL INSPO HOOK,https://www.instagram.com/p/DGsHot9xC6R/,529,,No
"As an (insert title) you should be able to do this, if you can't (insert diagnosis).",EDUCATIONAL INSPO HOOK,https://www.instagram.com/reel/DF_Cn86o0Ki/,939,,No
"Did you know that if you (insert action), (insert action), (insert action), etc.",EDUCATIONAL INSPO HOOK,https://www.instagram.com/p/DFvcBZRp0kh/,92,,No
"Whatever you do, do not let you (insert person) (insert action).",EDUCATIONAL INSPO HOOK,https://www.instagram.com/reel/DFvEpXyMsWi/,305,,No
We all have that one (insert label) in our life.,EDUCATIONAL INSPO HOOK,https://www.instagram.com/reel/DG_UiWgyUgO/,830,,No
"(insert item) (insert fact), (insert complete opposite item) (insert similar fact).",MYTH BUSTING INSPO HOOK,https://www.instagram.com/reel/C_bBILMsNzh/,500,,No
It’s been (insert time) since we (insert experience),STORYTELLING INSPO HOOK,https://www.instagram.com/reel/DFbFikLNj5c/,67,,No
You can have a perfect (insert dream result) by simply dumbing it down.,EDUCATIONAL INSPO HOOK,https://www.instagram.com/share/BAOoa4qroW,240,,No
Everyone tells you to (insert action) but no one actually shows you how to do it. Here is a # second step by step tutorial that you can save for later.,EDUCATIONAL INSPO HOOK,https://www.instagram.com/calltoleap/reel/C2tER1GvhOc/,443,,No
It took me # full hours to (insert verb) this (insert noun) and I originally allotted myself # minutes.,EDUCATIONAL INSPO HOOK,https://www.instagram.com/p/C_s9bBHxACz/,406,,No
"This (insert noun) has (insert metric) and will get you (insert dream result), and this (insert noun) has (insert metric) and will get you (insert dream result).",COMPARISON INSPO HOOK,https://www.instagram.com/p/DC2OpMNJMG2/,273,,No
(insert noun) (insert trait) (insert similar noun) (insert trait).,EDUCATIONAL INSPO HOOK,https://www.instagram.com/p/DE_9DHKoM-8/,843,,No
I just (insert action) to make (insert noun).,STORYTELLING INSPO HOOK,https://www.instagram.com/p/DHrtql8y1Mv/,916,,No
Every (insert noun) explained in one sentence.,EDUCATIONAL INSPO HOOK,https://www.instagram.com/reel/DD7Z0GWJrMB/,290,,No
"I have been able to go from this, to this.",AUTHORITY INSPO HOOK,https://www.instagram.com/p/DGekQ-6NXjQ/,406,,No
"Alright this is officially day #1, trying to make (insert $) a month with (insert business).",STORYTELLING INSPO HOOK,https://www.instagram.com/reel/DGYg6fDxohE/,793,,No
X days/months/years ago I went extremely viral for (insert action).,STORYTELLING INSPO HOOK,https://www.instagram.com/p/DDYV5gNJ9iq/,556,,No
This is how many (insert item) you need to (insert result).,EDUCATIONAL INSPO HOOK,https://www.instagram.com/reel/C83vXP6NqXU/,357,,No
"I just left my (insert salary) a year new grad job, and now I am just a disappointment.",STORYTELLING INSPO HOOK,https://www.instagram.com/p/DIWt7j-O40r/,9,,No
"(insert name), overused (insert noun)?",EDUCATIONAL INSPO HOOK,https://www.instagram.com/reel/DDw2899RsgM/,994,,No
I (insert action) but I don't have (insert noun).,STORYTELLING INSPO HOOK,https://www.instagram.com/p/DG3qeUpv--T/,704,,No
"Buying (insert noun) that need a lot of work, can work out in your favor.",STORYTELLING INSPO HOOK,https://www.instagram.com/reel/DCtwyViukxT/,807,,No
# years ago my (insert person) and I started (insert action).,STORYTELLING INSPO HOOK,https://www.instagram.com/reel/DI5lkjpPfMn/,257,,No
"Here are # of things, every (insert person) should keep in their (insert noun).",EDUCATIONAL INSPO HOOK,https://www.instagram.com/reel/DIKsKR_PkNr/,432,,No
So I did (insert action) last week,STORYTELLING INSPO HOOK,https://www.instagram.com/share/BAIu4m7QIH,347,,No
Cheap vs. Expensive (insert noun).,COMPARISON INSPO HOOK,https://www.instagram.com/reel/DFXKXBaPyn0/,616,,No
If I (insert action) right now would you believe me if I told you (insert truth).,EDUCATIONAL INSPO HOOK,https://www.instagram.com/p/DCcIsddvdu-/,978,,No
"(Insert scenario) and (Insert dream result), here are the # of steps to get (insert dream result).",EDUCATIONAL INSPO HOOK,https://www.instagram.com/ultimateivyleagueguide/reel/Co5Kp8QLhRZ/,916,,No
This is how you (insert dream result) while (insert guilty pleasure).,MYTH BUSTING INSPO HOOK,https://www.instagram.com/p/C3spnM9IOKG/,750,,No
The secret is out I am (insert action),STORYTELLING INSPO HOOK,https://www.instagram.com/p/C97orJ_J8vW/,962,,No
Once upon a time we bought a (insert noun) on (insert noun),STORYTELLING INSPO HOOK,https://www.instagram.com/p/DIgryegxxsB/,302,,No
Hi i'm (insert name) a (insert #) generation (insert title) who shares tips about (insert niche) and (insert result).,STORYTELLING INSPO HOOK,https://www.instagram.com/reel/DFdu6ZHxg5i/,514,,No
After X years of I (insert action) because I realized one thing: (insert statement).,STORYTELLING INSPO HOOK,https://www.instagram.com/reel/DEJiasASTVx/,391,,No
This guy bought a failing (insert type) company for (insert noun). Now it’s worth over (insert $).,EDUCATIONAL INSPO HOOK,https://www.instagram.com/reel/DEz3aett57y/,715,,No
Taking a (insert noun) can increase your (insert result) but only with one strategy.,EDUCATIONAL INSPO HOOK,https://www.instagram.com/reel/C_z-Hy2S4j7/,153,,No
I have had 0 (insert noun) in (insert time frame).,STORYTELLING INSPO HOOK,https://www.instagram.com/p/DBuQULzybXD/,706,,No
(Insert target audience) if you're serious about playing at the next level.,EDUCATIONAL INSPO HOOK,https://www.instagram.com/kelseypoulter/reel/DDpruSIJm9i/,654,,No
"% of the time when I am in (insert situation) I get (insert result), and today I will be showing you my (insert noun) routine so I can help you achieve (insert dream result).",AUTHORITY INSPO HOOK,https://www.instagram.com/p/DGg0dN5vAX1/,861,,No
Here are 3 people who will make you a better (insert title).,EDUCATIONAL INSPO HOOK,https://www.instagram.com/p/C9uwXS_uJJ6/,273,,No
We all have the same 24 hours in a day so here I am putting my 24 hours to work.,DAY IN THE LIFE INSPO HOOK,https://www.instagram.com/reel/DAq-UDcITU5/,629,,No
"What I am (insert verb) on my (insert goal) journey, (insert result) last month.",EDUCATIONAL INSPO HOOK,https://www.instagram.com/reel/DEikNFLuFP2/,563,,No
Swap these (insert noun) for better (insert result).,EDUCATIONAL INSPO HOOK,https://www.instagram.com/p/DE5r6TspMQA/,880,,No
"More (insert target audience) need to hear this, (insert common belief) will not (insert result).",MYTH BUSTING INSPO HOOK,https://www.instagram.com/reel/C_oaRbkuJaG/,491,,No
When is it time to do (insert action),STORYTELLING INSPO HOOK,https://www.instagram.com/reel/DDrwl5ix3a0/,284,,No
"I am a # year old (insert title), and I am heading to (insert event/location).",DAY IN THE LIFE INSPO HOOK,https://www.instagram.com/p/DHmdSxESXUy/,205,,No
X years ago we (insert action) to (insert result).,STORYTELLING INSPO HOOK,https://www.instagram.com/p/C_ZVKRfSMm_/,503,,No
So most people don’t know that on a (insert noun) there is one (insert noun) every (insert noun) owner always (insert action).,EDUCATIONAL INSPO HOOK,https://www.instagram.com/reel/DB7bgr7yH6v/,708,,No
Come with me to make (insert object),STORYTELLING INSPO HOOK,https://www.instagram.com/p/DA8icSZuuX7/,348,,No
This is how I ended up taking the biggest risk of my life.,STORYTELLING INSPO HOOK,https://www.instagram.com/reel/DHdesfVCuKx/,69,,No
Today I am going to show you the # most common ways to order your (insert noun) at a (insert place/location).,EDUCATIONAL INSPO HOOK,https://www.instagram.com/p/DD9tTgdCq_N/,180,,No
Hi my name is (insert name) and this is my home.,STORYTELLING INSPO HOOK,https://www.instagram.com/reel/DDDvhNoOKLU/,609,,No
Day in the life as a (insert title) (insert noun) edition.,DAY IN THE LIFE INSPO HOOK,https://www.instagram.com/reel/DGV-cE4v6Jy/,309,,No
"The reason I can (insert result) and be comfortable, not have any (insert pain point) is this right here.",EDUCATIONAL INSPO HOOK,https://www.instagram.com/reel/DF0vHL3Pahk/,542,,No
It has taken me # years if (insert occupation/skill/hobby) to realize I have been (insert action) wrong this entire time.,EDUCATIONAL INSPO HOOK,https://www.instagram.com/reel/DFBJYnGyr_a/,189,,No
I just left my 9-5 corporate job to start my (insert business).,STORYTELLING INSPO HOOK,https://www.instagram.com/p/DFVkgfAPimi/,276,,No
Day in the life of a future millionaire.,DAY IN THE LIFE INSPO HOOK,https://www.instagram.com/reel/DF1Kq5CuULS/,404,,No
"This is a (insert noun), this is also a (insert noun).",COMPARISON INSPO HOOK,https://www.instagram.com/p/DIYZKjtxK7Z/,480,,No
If you want to (insert verb) in an exceptional (insert noun) you have got to stop half-assing things.,EDUCATIONAL INSPO HOOK,https://www.instagram.com/reel/DDAJK6STXlR/,526,,No
We got an insane deal on our (insert noun) a year ago because it needed to be (insert action).,STORYTELLING INSPO HOOK,https://www.instagram.com/reel/DHO0BEavIkr/,860,,No
Don’t hate me but I don’t really mind (insert noun).,EDUCATIONAL INSPO HOOK,https://www.instagram.com/p/DFydpeiy6GJ/,712,,No
"This is how we think we (insert pain point), but you would have to (insert action) on top of (insert action) # of times for that to happen.",MYTH BUSTING INSPO HOOK,https://www.instagram.com/alexgamblecoach/reel/C9Zb1ZOP-Tl/,828,,No
You can put on/take off (insert metric) on your (insert mile/exercise/vertical/etc) in one workout with these simple tips.,EDUCATIONAL INSPO HOOK,https://www.instagram.com/reel/DDxVEiCRlG8/,740,,No
You wouldn't get (insert bad result) when you (insert action) if you (insert action).,EDUCATIONAL INSPO HOOK,https://www.instagram.com/p/DHlNHSfuHoh/,416,,No
When I was (insert before state) I was constantly (insert pain point).,AUTHORITY INSPO HOOK,https://www.instagram.com/p/CzevtHvyxxX/,249,,No
"X days/weeks/months ago my (insert person) and I (insert action), (insert action), and (insert action) this is how it's going.",STORYTELLING INSPO HOOK,https://www.instagram.com/p/C_50kObxUwc/,456,,No
"If you have (insert pain point), (insert pain point), and (insert pain point) you might be (insert action) wrong.",EDUCATIONAL INSPO HOOK,https://www.instagram.com/p/DDCdiwNO6cO/,878,,No
Last year for (insert holiday) we (insert action).,STORYTELLING INSPO HOOK,https://www.instagram.com/reel/DDN6gx5N DIH/,967,,No
If you're the person who told me this I could kiss you right now because it literally saved my life.,EDUCATIONAL INSPO HOOK,https://www.instagram.com/p/DIhOAUAPRMo/,122,,No
"I only have (insert time) to finish over (insert number) of (insert noun) orders, including (insert number) of (insert noun), (insert number) of (insert noun), (insert number) of (insert noun), and (insert noun).",STORYTELLING INSPO HOOK,https://www.instagram.com/p/C7CMet3rNJG/,370,,No
If you look in the mirror and notice (insert observation) here's what you do to (insert dream result).,MYTH BUSTING INSPO HOOK,https://www.instagram.com/share/BAPOeL5mmh,573,,No
You will (insert result) a week if you (insert action) on a (insert journey). But you will only (insert result) this much a week if you (insert action) on a (insert journey).,COMPARISON INSPO HOOK,https://www.instagram.com/reel/DG0qjQ7S-GD/,858,,No
Welcome back to “I can’t (insert dream result)” a series where I show you (insert routine/tutorial/steps to insert result) that take less than (insert time) to do/make.,EDUCATIONAL INSPO HOOK,https://www.instagram.com/reel/DGD3gXtJSNH/,632,,No
"Do you ever (insert situation), yeah well that's my job.",STORYTELLING INSPO HOOK,https://www.instagram.com/reel/DDVHvRjsz9k/,470,,No
I make (insert hourly rate) can I qualify/buy (insert loan/noun).,EDUCATIONAL INSPO HOOK,https://www.instagram.com/p/C8k9RkJtXv5/,875,,No
These two groups (insert similar result) but this group (insert result).,COMPARISON INSPO HOOK,https://www.instagram.com/tombaileypt/reel/C9bg-usp89W/,107,,No
"If giving yourself (insert result) causes (insert pain point), (insert pain point), and (insert pain point) here is how I cheat it.",EDUCATIONAL INSPO HOOK,https://www.instagram.com/p/DCh2GnEzezF/,51,,No
What I wish I knew at (insert age) instead of (insert age).,EDUCATIONAL INSPO HOOK,https://www.instagram.com/p/C3-e4acrDdB/,520,,No
"So okay being an (insert target audience), my days vary quite a lot from one another.",DAY IN THE LIFE INSPO HOOK,,910,,No
I (insert verb) (insert number) (insert noun) and I had to throw (insert number) of them away.,STORYTELLING INSPO HOOK,https://www.instagram.com/p/DGGicrYRhyi/,514,,No
I don’t know who needs to see this but if you have a (insert symptom) this is how I literally (insert dream result) every single time.,EDUCATIONAL INSPO HOOK,https://www.instagram.com/p/DFt1sIdSaJU/,392,,No
(insert time ago) my (insert person) (insert action) when my (insert person) passed away.,STORYTELLING INSPO HOOK,https://www.instagram.com/reel/DEpFrpHRKBN/,899,,No
What (insert noun) and (insert noun) do I really need?,EDUCATIONAL INSPO HOOK,https://www.instagram.com/reel/DGoOJxMyffy/,312,,No
(# days/months/years) ago I quit (insert thing).,STORYTELLING INSPO HOOK,https://www.instagram.com/reel/C-5yJQmoPsM/,143,,No
Last night at around (insert time) (insert person) began textbook stage one (insert scenario).,STORYTELLING INSPO HOOK,https://www.instagram.com/reel/DGludzMRqVt/,521,,No
This is how I would (insert action) if I were starting from scratch).,EDUCATIONAL INSPO HOOK,https://www.instagram.com/share/BBMxvJRjNv,260,,No
Person #1: (insert large number) Person #2: What are you doing? Person #1: (insert action) I want to get a (insert dream result) before (insert time).,EDUCATIONAL INSPO HOOK,https://www.instagram.com/reel/DI1viVSN5N9/,461,,No
I have (insert action) over (insert #) in my life.,STORYTELLING INSPO HOOK,https://www.instagram.com/p/C9GM_SJpJ3k/,930,,No
"Dude, it’s day #. And I almost went (insert result).",STORYTELLING INSPO HOOK,https://www.instagram.com/reel/DDfST-vi3Vj/,502,,No
Alright you little DIY freaks here's how to build the sauciest (insert noun) of all time.,EDUCATIONAL INSPO HOOK,https://www.instagram.com/reel/DGCUWxRJ0A4/,828,,No
"Why (insert action) like a normal person, when you can be a psycho instead.",EDUCATIONAL INSPO HOOK,https://www.instagram.com/p/DGRrGUKPoZb/,314,,No
Here’s how I get people the best (insert noun) on (insert noun).,EDUCATIONAL INSPO HOOK,https://www.instagram.com/p/DIhq7P8PguS/,132,,No
Invest in (insert adjective) (insert noun).,EDUCATIONAL INSPO HOOK,https://www.instagram.com/reel/DGllDnGP4GS/,34,,No
"Want a (insert person) who (insert dream result) every time, even when you don’t (insert noun/action).",EDUCATIONAL INSPO HOOK,https://www.instagram.com/reel/DGhCeDQPmKV/,443,,No
Can you please pack my (insert price) (insert noun) with me? Of course!,STORYTELLING INSPO HOOK,https://www.instagram.com/p/DFM4apJSCnJ/,861,,No
X Months/Years ago I (insert action) to (insert action),STORYTELLING INSPO HOOK,https://www.instagram.com/reel/DFJCpPYTtxw/,75,,No
I spent (insert price) on a (insert noun) here's all the (insert noun) I got.,STORYTELLING INSPO HOOK,https://www.instagram.com/p/DHHHlXnpG-a/,335,,No
When I was growing up one (insert noun) I always (insert verb) with my (insert person) was (insert noun).,STORYTELLING INSPO HOOK,https://www.instagram.com/p/DIv7DnJRg42/,148,,No
Now how much does it really cost to (insert action).,EDUCATIONAL INSPO HOOK,https://www.instagram.com/p/DE75-Fhyg_T/,969,,No
(insert industry/niche) tips for if you're broke.,EDUCATIONAL INSPO HOOK,https://www.instagram.com/reel/DDkbXWpucvG/,949,,No
Same recipe but different (insert noun). For this (insert noun) I used my # tips to make (insert dream result) at home and you can really tell it makes a big difference.,AUTHORITY INSPO HOOK,https://www.instagram.com/p/DHdWHu2sHJi/,10,,No
(insert time) I bought a (insert adjective) (insert noun) because it’s cheaper than a (insert adjective) (insert noun).,STORYTELLING INSPO HOOK,https://www.instagram.com/reel/DFA-_6rSp7Q/,53,,No
You're damaging your (insert noun) if you (insert noun) looks like this or like this.,EDUCATIONAL INSPO HOOK,https://www.instagram.com/p/C-AwpFRxDcg/,135,,No
You want to know why it takes (insert noun) to get (insert result) again.,EDUCATIONAL INSPO HOOK,https://www.instagram.com/p/DHLps0HiJ2L/,472,,No
I am a retired (insert title) who now owns a (insert business). So come with me to collect the quarters.,STORYTELLING INSPO HOOK,https://www.instagram.com/reel/DEz4JQYvuSr/,290,,No
"What is this massive stack of (insert noun) that I am holding in my hand, well it is the (insert noun) for the (insert number) of (insert noun) I have done this year.",STORYTELLING INSPO HOOK,https://www.instagram.com/reel/DDiXCKmurWf/,712,,No
"How we saved (insert $) on our (insert noun), and one thing we wish we did differently.",EDUCATIONAL INSPO HOOK,https://www.instagram.com/p/DD2B1rIRisK/,928,,No
I feel like # years ago I had my life together as a (insert title) but just slowly over time things have shifted.,STORYTELLING INSPO HOOK,https://www.instagram.com/p/DF8XdbERfjy/,377,,No
"If I ever made it to the news I thought it would at least be for something illegal, turns out it's for (insert dream result).",AUTHORITY INSPO HOOK,https://www.instagram.com/p/DF2GJJ3vAQq/,611,,No
This (insert noun) isn't bad for you. Yeah it has some (insert noun) but what does that even mean?,EDUCATIONAL INSPO HOOK,https://www.instagram.com/reel/DIShYdlpxE_/,851,,No
"This represents your X before, during, and after X",EDUCATIONAL INSPO HOOK,https://www.instagram.com/p/C-ta_pvhfvK/,984,,No
# things I'd do if I were to re-start (insert industry/niche/occupation/hobby).,EDUCATIONAL INSPO HOOK,https://www.instagram.com/reel/DGVJ3n3SGhc/,425,,No
Does it actually matter what type of (insert noun) you use.,EDUCATIONAL INSPO HOOK,https://www.instagram.com/p/DHMtL1GSsy-/,276,,No
If you are (insert age group or range) do not do (insert action).,EDUCATIONAL INSPO HOOK,https://www.instagram.com/reel/DEsW49SM6z3/,558,,No
I have a confession. I have no problem (insert verb) for my (insert noun) but it’s the process of actually (insert noun) that feels so (insert adjective).,STORYTELLING INSPO HOOK,https://www.instagram.com/p/DBrEouTxlUk/,727,,No
What (insert title) says vs what they mean.,RANDOM INSPO HOOK,https://www.instagram.com/p/C9pwV7rPMVo/,337,,No
So I spent (insert $) at (insert store) on my last trip.,EDUCATIONAL INSPO HOOK,https://www.instagram.com/reel/DElNzz_u22g/,305,,No
My biggest regret in (insert life event) was (insert accomplishment).,MYTH BUSTING INSPO HOOK,https://www.instagram.com/p/C22y9caxGf6/,452,,No
This is why you should always (insert verb) your (insert noun) before (insert verb).,MYTH BUSTING INSPO HOOK,https://www.instagram.com/p/DHU2-6vxXxm/,851,,No
If you’ve ever secretly (insert action) and hope no one noticed this is for you.,EDUCATIONAL INSPO HOOK,https://www.instagram.com/p/DIUEhBYOica/,769,,No
If I had 90 days to go from being (insert current state) to (insert dream result) here’s exactly how I would do it!,EDUCATIONAL INSPO HOOK,https://www.instagram.com/reel/DE_2hH-M11D/,792,,No
I’ve (insert verb) over (insert #) of (insert noun) here are # things I would never do.,EDUCATIONAL INSPO HOOK,https://www.instagram.com/reel/DGgLtQEIgKH/,904,,No
"X days/months/years ago I was (insert action), every waking hour because I was (insert trait) and I wanted (insert result).",STORYTELLING INSPO HOOK,https://www.instagram.com/reel/DFUgKb4RGlI/,394,,No
I will let you in on a secret (insert verb) is the easiest thing in the world.,MYTH BUSTING INSPO HOOK,https://www.instagram.com/p/DDHW7loz2jm/,561,,No
You are (insert adjective) than you think.,EDUCATIONAL INSPO HOOK,https://www.instagram.com/reel/DCmTJe5NpZ5/,634,,No
Let’s see how many (insert noun) we can get out of this.,EDUCATIONAL INSPO HOOK,https://www.instagram.com/p/DGZSeEvvepa/,427,,No
Here are the # (insert noun) that are the least likely to (insert result).,EDUCATIONAL INSPO HOOK,https://www.instagram.com/reel/C6Zculqy94L/,929,,No
I did everything right/wrong,STORYTELLING INSPO HOOK,https://www.instagram.com/p/DDohj4MI-7U/,453,,No
This book will teach you more about the (insert niche/industry/topic) than all of these books here.,EDUCATIONAL INSPO HOOK,https://www.instagram.com/reel/DE2qZvqoDAO/,393,,No
(insert company/individual) if I (insert verb) (insert noun) for you this is what I would do.,EDUCATIONAL INSPO HOOK,https://www.instagram.com/p/DIfQ_5cvLv-/,734,,No
"I was today years old when I found out that if you have (insert trait), (insert noun) will look really (insert adjective) on you.",STORYTELLING INSPO HOOK,https://www.instagram.com/p/DDu_J9ZytmA/,441,,No
"If you can do # of (insert action), than you can do # of (insert action).",EDUCATIONAL INSPO HOOK,https://www.instagram.com/p/DDKZbeoo1gF/,446,,No
"It’s been (insert time) since I bought my dream (insert noun), and I want to take you through what the last (insert time) has been like.",STORYTELLING INSPO HOOK,https://www.instagram.com/reel/DFlD6AYyyHm/,517,,No
When you get (insert item/result) here are the # things you got to do right away.,EDUCATIONAL INSPO HOOK,https://www.instagram.com/p/C9bUq2CtvUv/,413,,No
I worked at (insert company) for X months/years and now I am exposing everything they keep from customers.,EDUCATIONAL INSPO HOOK,https://www.instagram.com/p/DINXKt8pBaq/,416,,No
"I am a professional (insert industry) hacker, and here's every hack at (insert store/location/event/etc).",EDUCATIONAL INSPO HOOK,https://www.instagram.com/p/DG3-nRhyvRq/,448,,No
If you want to (insert dream result) a week for the next (insert weeks) without (insert pain point) then listen up.,EDUCATIONAL INSPO HOOK,https://www.instagram.com/reform.nutrition.training/reel/C6SEO0svXyy/,101,,No
No because my transformation from (insert age) to (insert age) ought to be studied.,AUTHORITY INSPO HOOK,https://www.instagram.com/p/DEOVBs8ygXs/,836,,No
X days/months/years ago I was (insert action) because I (insert pain point),STORYTELLING INSPO HOOK,https://www.instagram.com/reel/DEq8rUQyR92/,698,,No
(insert $) in (insert time) and people still think you need a 9-5.,EDUCATIONAL INSPO HOOK,https://www.instagram.com/reel/DIXVEpRSrDR/,785,,No
# of ways to raise (insert adjective) children.,EDUCATIONAL INSPO HOOK,https://www.instagram.com/p/DDP0DJDvdAL/,903,,No
This is (insert large number) worth of (insert noun).,MYTH BUSTING INSPO HOOK,https://www.instagram.com/georgiaheins/reel/C-QSr3qS4Cb/,95,,No
Is it possible to get (insert dream result) with only (insert action) for only 1 day.,STORYTELLING INSPO HOOK,https://www.instagram.com/p/DDTjr8rxAjO/,2,,No
Anyone even notice how some people look naturally (insert adjective) without doing anything crazy.,EDUCATIONAL INSPO HOOK,https://www.instagram.com/p/DDKn9iXPSOS/,725,,No
These are the 3 most common mistakes I see when people are making (insert noun).,EDUCATIONAL INSPO HOOK,https://www.instagram.com/p/DF9FMnIJpNJ/,601,,No
"Did you know this tip, it’s going to blow your mind.",EDUCATIONAL INSPO HOOK,https://www.instagram.com/p/DHRrPveSTcg/,51,,No
What I (insert action) in a day as someone who has achieved (insert dream result).,AUTHORITY INSPO HOOK,https://www.instagram.com/p/C66_WyUvgha/,60,,No
What would happen to you (insert noun) if you only (insert action) for an entire week.,EDUCATIONAL INSPO HOOK,https://www.instagram.com/reel/DFyxVP4xBm6/,442,,No
(insert noun) are not (insert adjective) and they are not a cop-out. I think they can actually be made into something really really (insert adjective).,MYTH BUSTING INSPO HOOK,https://www.instagram.com/p/DHRsoELBphP/,979,,No
"If your (insert noun) looks anything like this, these are not (insert noun) these are (insert noun) and here is how you can get (insert dream result).",EDUCATIONAL INSPO HOOK,https://www.instagram.com/p/DDGYmIHxlhH/,383,,No
If I want my (insert person) to be (insert dream result one day) that means I got to (insert action) now.,STORYTELLING INSPO HOOK,https://www.instagram.com/p/DIW2ZlcvlaG/,822,,No
Everyone on the internet is going to tell you making (insert noun) is impossible. But I am going to show you how to make them from home.,MYTH BUSTING INSPO HOOK,https://www.instagram.com/p/DF6K0b0Rt9b/,102,,No
How to turn this into this in X simple steps.,AUTHORITY INSPO HOOK,https://www.instagram.com/p/DDDbVpExlO7/,306,,No
Here are # (insert noun) that you should never (insert action).,EDUCATIONAL INSPO HOOK,https://www.instagram.com/reel/DG2_ufDxNQJ/,600,,No
I crammed the hardest (insert noun) and (insert dream result).,EDUCATIONAL INSPO HOOK,https://www.instagram.com/p/CzjQfxOLpKO/,511,,No
This is probably the scariest thing I have ever done.,STORYTELLING INSPO HOOK,https://www.instagram.com/reel/DAYtnokvm-J/,384,,No
This is the same exact (insert thing) but the first is/got (insert result and the second is/got X,EDUCATIONAL INSPO HOOK,https://www.instagram.com/p/DIBDSW9Maq7/,152,,No
(insert big result) from (insert item/thing). Here's how you can do it in X steps.,AUTHORITY INSPO HOOK,https://www.instagram.com/p/DBZtLTpv91b/,743,,No
Is it possible to get (insert dream result) without your daddy being the CEO of apple.,STORYTELLING INSPO HOOK,https://www.instagram.com/share/_58N3lM2x,686,,No
I turned one (insert noun) into # different (insert noun).,EDUCATIONAL INSPO HOOK,https://www.instagram.com/reel/DFD6TSypE2P/,56,,No
How long do you think you have to (insert action) to (insert result).,EDUCATIONAL INSPO HOOK,https://www.instagram.com/reel/C50_VCluWFe/,252,,No
(insert trait) Guy vs (insert trait) Guy.,EDUCATIONAL INSPO HOOK,https://www.instagram.com/share/_9R_a4MER,511,,No
If you're spending a lot of money on (insert noun) then you need to try this (insert recipe/method/strategy) because it's super easy and (insert dream outcome).,EDUCATIONAL INSPO HOOK,https://www.instagram.com/p/DGmf0uKMWyK/,524,,No
"Use this, to pay for this.",EDUCATIONAL INSPO HOOK,https://www.instagram.com/p/ChGIhcPPogC/,366,,No
"If you're really a (insert dream result), why aren’t you doing (insert common belief)?",MYTH BUSTING INSPO HOOK,https://www.instagram.com/reel/DEPpiQkobO7/,511,,No
(insert metric) and (insert metric) both sides are (insert adjective) and look the same. Let’s see why.,COMPARISON INSPO HOOK,https://www.instagram.com/p/DIO0xJypZvT/,216,,No
Welcome back to another episode of (insert series name) where I (insert action).,STORYTELLING INSPO HOOK,https://www.instagram.com/p/DHrfrLyyevs/,689,,No
If this is your first time being (insert adjective) I am (insert name) and I am trying to make it (insert adjective) to (insert verb) by using (insert noun).,EDUCATIONAL INSPO HOOK,https://www.instagram.com/p/DIFlyqrtHSg/,852,,No
People are shocked to hear that these are my natural (insert noun).,STORYTELLING INSPO HOOK,https://www.instagram.com/p/DEvMF5Kzqz7/,211,,No
Day # of my (insert persons) room makeover. Which I kind of took to the extreme but let’s start from the beginning.,STORYTELLING INSPO HOOK,https://www.instagram.com/reel/DCuMERyPVD4/,396,,No
"I haven't done (insert common action) in over # years, and it's healed (insert noun).",MYTH BUSTING INSPO HOOK,https://www.instagram.com/p/DGTiPPMygzM/,659,,No
"(insert noun), (insert noun), (insert noun), makes a (insert noun).",EDUCATIONAL INSPO HOOK,https://www.instagram.com/p/DGB30hXBY7K/,116,,No
Day # of trying a new hobby to recover from burnout.,STORYTELLING INSPO HOOK,https://www.instagram.com/p/DJDLxItzPJV/,898,,No
Day # of trying to (insert action) all year.,STORYTELLING INSPO HOOK,https://www.instagram.com/p/DEOoZX_xFLz/,519,,No
When (insert occurrence) you will probably need a better (insert noun) than this.,EDUCATIONAL INSPO HOOK,https://www.instagram.com/reel/DHzjcH2t5Rh/,428,,No
Some say the strongest bond is between (insert person) and his/her (insert person).,STORYTELLING INSPO HOOK,https://www.instagram.com/reel/DF9uy9DzyJW/,3,,No
This is why no one remembers you.,EDUCATIONAL INSPO HOOK,https://www.instagram.com/p/DFaQuJYueF1/,298,,No
I have been dating my girlfriend/boyfriend for # years here are # basics I learned that every guy/girl should do for a partner in (insert scenario).,EDUCATIONAL INSPO HOOK,https://www.instagram.com/p/DEbs2tsxl8_/,822,,No
In (insert year) the (insert company/person) introduced the (insert noun).,EDUCATIONAL INSPO HOOK,https://www.instagram.com/reel/DIqAW_ARP4Y/,930,,No
This is what (insert object/item) looks like when you are using/doing (insert product/service).,EDUCATIONAL INSPO HOOK,https://www.instagram.com/sethwickstrom_fitness/reel/DAtNQtAxUNQ/,248,,No
I’ve had a (insert drea result) since I was (insert age).,EDUCATIONAL INSPO HOOK,https://www.instagram.com/reel/DHmabeBSFJT/,766,,No
Here's how my student/client/customer went from (insert before result) to (insert after result) and (insert symptom due to result).,AUTHORITY INSPO HOOK,https://www.instagram.com/p/DGA-YAxJXIs/,141,,No
Can you tell us how to (insert result) in 60 seconds?,EDUCATIONAL INSPO HOOK,https://www.instagram.com/p/C8dJXv1PjzF/,516,,No
Why am I (insert action) at # months pregnant?,STORYTELLING INSPO HOOK,https://www.instagram.com/reel/DCU89MNO r9z/,753,,No
He/she (insert action) for one day and got (insert dream result).,AUTHORITY INSPO HOOK,https://www.instagram.com/p/DFp2byfojFu/,331,,No
I just made a website called (insert the longest but most relatable website name).,EDUCATIONAL INSPO HOOK,https://www.instagram.com/p/DIWeFGhRT9u/,3,,No
"I am (insert name) (insert age) you might know me from my (insert accomplishment), (insert accomplishment), or (insert accomplishment).",STORYTELLING INSPO HOOK,https://www.instagram.com/p/DCN08rLTux3/,453,,No
When I say I (insert action) everyday and I don't (insert action) everyday people always ask me...,EDUCATIONAL INSPO HOOK,https://www.instagram.com/p/DGDy2KMJfQH/,977,,No
I stopped acting like the (insert person/title) in my life and you shouldn't be the (insert person/title) either.,MYTH BUSTING INSPO HOOK,https://www.instagram.com/p/C9pwV7rPMVo/,16,,No
My (insert person) hasn't (insert action) in over # years.,STORYTELLING INSPO HOOK,https://www.instagram.com/reel/DItpYikupRg/,339,,No
This (insert noun) single handedly changed my career.,STORYTELLING INSPO HOOK,https://www.instagram.com/p/DC9zT1dx5yT/,822,,No
To everyone just doing (insert #) (insert action). Stop that.,EDUCATIONAL INSPO HOOK,https://www.instagram.com/reel/DDSXasqCf_S/,584,,No
"A # calorie deficit per day, for a month should be around (insert pounds/kilos) of weight loss.",EDUCATIONAL INSPO HOOK,https://www.instagram.com/reel/DIjYAm5IQ_R/,567,,No
Day in the life of a (insert adjective) person.,DAY IN THE LIFE INSPO HOOK,https://www.instagram.com/reel/DEiIMQxx8q3/,712,,No
I used to be in a super toxic relationship back in (insert time frame) so let me tell you about it.,STORYTELLING INSPO HOOK,https://www.instagram.com/p/DDsiifAu14W/,652,,No
How long can you skip (insert action) before losing (insert result).,EDUCATIONAL INSPO HOOK,https://www.instagram.com/sethwickstrom_fitness/reel/DB1WXxVx6B4/,568,,No
This group didn't (insert action) and this group did.,COMPARISON INSPO HOOK,https://www.instagram.com/reel/C9wOIgSJZG1/,500,,No
Over the past (insert time) I've grown my (insert thing) from (insert before) to (insert after).,AUTHORITY INSPO HOOK,https://www.instagram.com/p/DCopsVERQ_N/,647,,No
I think I am getting (insert verb) today.,STORYTELLING INSPO HOOK,https://www.instagram.com/p/DIyy31iILqd/,282,,No
I am not a DIY guy/girl but I am going to show you how I spent (insert $) to transform my (insert noun).,EDUCATIONAL INSPO HOOK,https://www.instagram.com/reel/DG8vTC4pie4/,663,,No
Being (insert result) is not just based on (insert noun). You may not believe this but I could have been (insert adjective) then this guy/girl if I had just changed a few things.,MYTH BUSTING INSPO HOOK,https://www.instagram.com/reel/DH2VMvQNFXc/,683,,No
Never lose a game of (insert game) for the rest of your life.,EDUCATIONAL INSPO HOOK,https://www.instagram.com/p/DCoC6YHJ_k1/,596,,No
So when I was (insert age) I started taking (insert noun) and at (insert age) I had to (insert action).,STORYTELLING INSPO HOOK,https://www.instagram.com/reel/DC2Mg4ON1m0/,674,,No
I think of my (insert noun) as my own personal (insert noun).,STORYTELLING INSPO HOOK,https://www.instagram.com/reel/DHWAUjrROF4/,781,,No
I have (insert time) to get my sh*t together.,STORYTELLING INSPO HOOK,https://www.instagram.com/reel/C79z4euRhlV/,124,,No
Every wonder how the same (insert noun) can result in drastically different (insert noun).,EDUCATIONAL INSPO HOOK,https://www.instagram.com/p/DDXkZs6vFMb/,652,,No
In (insert year) I started (insert action) and I gave my life to (insert person).,STORYTELLING INSPO HOOK,https://www.instagram.com/reel/DEgeFb_Oj9J/,91,,No
(insert verb) is expensive. Here is how to (insert noun) for (insert time frame) for only (insert $).,EDUCATIONAL INSPO HOOK,https://www.instagram.com/p/DGsWskqTaQj/,828,,No
"I tried a # hour (insert noun) routine, which is much harder than you think.",STORYTELLING INSPO HOOK,https://www.instagram.com/p/DH8wOG0Ke0a/,328,,No
"Instead of (insert verb) (insert noun) like this, try this method instead.",MYTH BUSTING INSPO HOOK,https://www.instagram.com/p/DH9gry2heFS/,399,,No
Proof that a (insert noun) can totally transform a space.,STORYTELLING INSPO HOOK,https://www.instagram.com/reel/DIRVPZNpr9M/,714,,No
What is this? This is your (insert description of visual) and this is this #1 reason that (insert noun) die.,EDUCATIONAL INSPO HOOK,https://www.instagram.com/p/DDm0s8rsNV0/,440,,No
I took a (insert hour) and (insert minute) (insert noun) to (insert location) and here’s how it went.,STORYTELLING INSPO HOOK,https://www.instagram.com/reel/DCke9dGx-7G/,835,,No
This is life as a (insert noun) addict part (insert #).,STORYTELLING INSPO HOOK,https://www.instagram.com/reel/DCno0FUObFN/,834,,No
Come with me to (insert action) the (insert title) didn't (insert action).,STORYTELLING INSPO HOOK,https://www.instagram.com/reel/DEydm_GP0B8/,110,,No
(insert action) everyday has literally changed my life. In particular helping me (insert dream result).,STORYTELLING INSPO HOOK,https://www.instagram.com/p/DBuHW1Io1H2/,324,,No
I f*cked up. I bought literally a (insert metric) of (insert noun). And for the last (insert time) I have been turning them into (insert results).,STORYTELLING INSPO HOOK,https://www.instagram.com/reel/DIhivhvtN3q/,986,,No
My money rules as a (insert description) working towards financial independence.,EDUCATIONAL INSPO HOOK,https://www.instagram.com/p/C_-u411xe4m/,915,,No
You are (insert action) too many (insert noun) that you didn't know.,MYTH BUSTING INSPO HOOK,https://www.instagram.com/p/DHzxZ28x4KX/,641,,No
"One (insert noun), one (insert noun), and you have (insert time frame).",EDUCATIONAL INSPO HOOK,https://www.instagram.com/p/DIkf9ExCbNb/,808,,No
"I'm 20 which means my teenage years are officially over, so here;s everything I learned from the 7 most weirdest years of my life.",EDUCATIONAL INSPO HOOK,https://www.instagram.com/p/Cuq324pIiKY/,881,,No
What if I told you making your own (insert noun) is actually super easy and only costs (insert price).,MYTH BUSTING INSPO HOOK,https://www.instagram.com/p/DH1SDq_qBny/,97,,No
Exposing the only (insert noun) you will ever need.,EDUCATIONAL INSPO HOOK,https://www.instagram.com/reel/DBXc7jiofht/,195,,No
I am a (insert title) by day and a (insert title) by night,STORYTELLING INSPO HOOK,https://www.instagram.com/reel/DDxlpp3yLup/,18,,No
(insert noun) is better for (insert result) than (insert noun). And yes I am going to back up my claim with studies.,MYTH BUSTING INSPO HOOK,https://www.instagram.com/reel/DFYHUihoaFK/,308,,No
I have no intention of...,STORYTELLING INSPO HOOK,https://www.instagram.com/reel/DImh0cbigzk/,100,,No
It’s been (insert time) since I have seen myself with (insert feature) and that’s all about to change.,STORYTELLING INSPO HOOK,https://www.instagram.com/reel/C48sQQpI5aS/,7,,No
"Did you know that if you combined (insert noun), (insert noun), (insert noun), etc...",STORYTELLING INSPO HOOK,https://www.instagram.com/p/C_tMbf_p4-Q/,402,,No
Don’t start doing (insert action) until you learn how to do this.,EDUCATIONAL INSPO HOOK,https://www.instagram.com/share/BA7hIj8Es8,155,,No
Here’s the only way I will ever (insert action).,EDUCATIONAL INSPO HOOK,https://www.instagram.com/reel/DIrAzqmhy1k/,591,,No
This is the exact order in which you should be (insert verb) for all of your (insert noun).,EDUCATIONAL INSPO HOOK,https://www.instagram.com/p/DB4lAAPPbYZ/,140,,No
For those of you who don't know I have been bootstrapping a (insert business type) to see how big I can scale it.,STORYTELLING INSPO HOOK,https://www.instagram.com/p/C40yJ7BpdJD/,78,,No
"I did (insert action) everyday for one year, and here’s what's different.",STORYTELLING INSPO HOOK,https://www.instagram.com/reel/DAMm_LMsAxL/,188,,No
Alright today we are building this (insert $) (insert adjective) (insert noun).,STORYTELLING INSPO HOOK,https://www.instagram.com/reel/DEsqSd9SFfS/,961,,No
(insert noun) are not as disgusting as you think.,MYTH BUSTING INSPO HOOK,https://www.instagram.com/reel/DHBslKRvZ7_/,505,,No
"Since (insert noun) from (insert prace/location) are basically (insert fact), you might as well learn how to make them from home.",EDUCATIONAL INSPO HOOK,https://www.instagram.com/p/DFGc51Ly8v3/,880,,No
Someone just (insert negative result) my business.,STORYTELLING INSPO HOOK,https://www.instagram.com/p/DG3EbrsReCj/,3,,No
0 calorie (insert noun) I am not joking these are literally 0 calories.,EDUCATIONAL INSPO HOOK,https://www.instagram.com/reel/DDvfNslO9bO/,414,,No
I had to spend (insert &) on this free (insert noun) before it even started.,STORYTELLING INSPO HOOK,https://www.instagram.com/p/DI_btRGiv_A/,867,,No
Before you ever take you (insert living thing) on a (insert action) for the first time you need to watch this.,EDUCATIONAL INSPO HOOK,https://www.instagram.com/reel/DFq5P8VSzVD/,576,,No
"I used to always be the guy that had a (insert condition), (insert condition), and always struggled with (insert condition).",STORYTELLING INSPO HOOK,https://www.instagram.com/reel/DHtlcflN9uQ/,354,,No
If I were in my (insert age range) here is exactly how I would avoid (insert bad result).,EDUCATIONAL INSPO HOOK,https://www.instagram.com/p/DEICudmOqeQ/,406,,No
This is my (insert item) and this is (insert random action) if I were (insert random action).,RANDOM INSPO HOOK,https://www.instagram.com/p/DCswF7jx5e8/,269,,No
"I’m going to tell you how to get (Insert result), (insert mind blowing method).",EDUCATIONAL INSPO HOOK,https://www.instagram.com/p/C7WV9_TI5dT/,963,,No
(insert person) always expects you to have (insert result) but the problem is....,STORYTELLING INSPO HOOK,https://www.instagram.com/p/C_0whsRP2Op/,254,,No
In (insert year) my business made (insert dollar amount).,AUTHORITY INSPO HOOK,https://www.instagram.com/p/DEhk6r4ydum/,745,,No
It’s wild to think (insert type of stores) still sell (insert noun) for (insert result). But not everyone knows they actually (insert result).,EDUCATIONAL INSPO HOOK,https://www.instagram.com/reel/DFV58iERvGm/,774,,No
Have you ever noticed that some (insert noun) feel (insert description) while others feel (insert description).,STORYTELLING INSPO HOOK,https://www.instagram.com/p/DIOy5C2A8sb/,337,,No
Selling (insert noun) at (insert location) has made me more money than my (insert person/title) and today I am going to be investing that money into (insert noun).,STORYTELLING INSPO HOOK,https://www.instagram.com/p/DINf-krxetg/,580,,No
You'll never get (insert dream result) in your (insert age range) if you don;t do these 3 things when you turn (insert age).,EDUCATIONAL INSPO HOOK,https://www.instagram.com/p/DHeJtx9IAFv/,441,,No
I am (insert age) having an identity crisis,STORYTELLING INSPO HOOK,https://www.instagram.com/reel/DDJM-ivP9-v/,258,,No
What if I told you that you could eat this entire jar of (insert noun) for less calories than 2 servings of their (insert noun).,EDUCATIONAL INSPO HOOK,https://www.instagram.com/reel/DG4GxNOuDk2/,985,,No
"This is (insert metric) of (insert noun), this is also (insert metric).",COMPARISON INSPO HOOK,https://www.instagram.com/p/DHGElSpPqeu/,345,,No
"1 Year ago today, I ___.",STORYTELLING INSPO HOOK,https://www.instagram.com/reel/DDvdqxIJcbe/,402,,No
At age (insert age) the age that many (insert target audience) is when (insert pain point).,EDUCATIONAL INSPO HOOK,https://www.instagram.com/p/DGkzdT8Mc21/,321,,No
"Here’s the difference between (insert title), (insert title) , and (insert title).",EDUCATIONAL INSPO HOOK,https://www.instagram.com/p/DFKZBcFRisK/,431,,No
After (insert time frame) of research here is why I choose (insert noun) and started (insert action).,EDUCATIONAL INSPO HOOK,https://www.instagram.com/reel/DDcNdiARaeE/,145,,No
I opened up a (insert business/store) in the middle of (insert location) and I can’t believe how much money I made.,STORYTELLING INSPO HOOK,https://www.instagram.com/reel/DDr63MGOLsK/,530,,No
If you are (insert action) just once per (month/day/year) than you are f*ucked.,MYTH BUSTING INSPO HOOK,https://www.instagram.com/reel/DAvjqruooP3/,974,,No
X days/months/years I started (insert action) again after being stuck at (insert pain point),STORYTELLING INSPO HOOK,https://www.instagram.com/reel/DEUEvFzyL_o/,184,,No
How I took this (insert title) from 0 to (insert #) of (insert noun) in 1 week.,AUTHORITY INSPO HOOK,https://www.instagram.com/p/DIMxxBuP23X/,685,,No
"If your mom didn’t teach you how to make (insert noun) growing up, don't worry i'm your mommy now.",EDUCATIONAL INSPO HOOK,https://www.instagram.com/p/DBEeZ2MvZ16/,377,,No
Here are 5 books to (insert dream result) better than 99% of other people.,EDUCATIONAL INSPO HOOK,https://www.instagram.com/p/DG3T4N9xdXD/,180,,No
(insert adjective) won’t get this but hopefully you will.,EDUCATIONAL INSPO HOOK,https://www.instagram.com/p/DGOENqwSVC6/,237,,No
Make (insert noun) and (insert noun) with me from my online (insert business) and a (insert label).,STORYTELLING INSPO HOOK,https://www.instagram.com/reel/DGW779fM0nD/,732,,No
Here’s what to look for when buying (insert noun) in (insert location).,EDUCATIONAL INSPO HOOK,https://www.instagram.com/p/DGgSRpFuIjD/,141,,No
My (insert person) and I moved in together and ended up losing (insert $).,STORYTELLING INSPO HOOK,https://www.instagram.com/reel/DG-uLBeuoQR/,199,,No
If you have a (insert noun) in your house and a (insert noun) I am going to show you guys the # of the best things we did to (insert dream outcome).,EDUCATIONAL INSPO HOOK,https://www.instagram.com/reel/DHe4tCOyyJP/,126,,No
I think I just found the biggest (insert niche/industry) cheat code.,EDUCATIONAL INSPO HOOK,https://www.instagram.com/p/DB6kCMQR0oX/,533,,No
I've (insert dream result) despite having (insert pain point) and this is the routine that did it.,EDUCATIONAL INSPO HOOK,https://www.instagram.com/p/DHbXdlkIoZh/,464,,No
I present a challenge (insert noun) (insert noun).,EDUCATIONAL INSPO HOOK,https://www.instagram.com/p/DGoS2GHSMy1/,470,,No
This is everything I got for free on my (insert event).,EDUCATIONAL INSPO HOOK,https://www.instagram.com/p/DGTqgBAxh3d/,643,,No
"There are way too many (insert noun) in the world that sort of all look that same, but are they?",EDUCATIONAL INSPO HOOK,https://www.instagram.com/p/DGojr4HBH4d/,991,,No
X days/months/years ago me and my (insert person) bought (insert noun) for (insert price).,STORYTELLING INSPO HOOK,https://www.instagram.com/p/DICw6TgsuSk/,540,,No
"Ladies, you can do all the (insert action) but that's not going to do sh*t for your (insert noun).",EDUCATIONAL INSPO HOOK,https://www.instagram.com/p/DFLUAphSOE0/,523,,No
Stop (insert action) if you actually want to (insert dream result).,EDUCATIONAL INSPO HOOK,https://www.instagram.com/p/DGaYM9PIO9b/,415,,No
"Welcome back to my (insert noun) series where I will be teaching you everything I know, no gatekeeping here.",STORYTELLING INSPO HOOK,https://www.instagram.com/p/DGTx0R1zU1v/,917,,No
I always wondered what it was like to (insert action).,STORYTELLING INSPO HOOK,https://www.instagram.com/p/DI1FPNwOoAk/,207,,No
This is what (insert #) of (insert item) looks like.,EDUCATIONAL INSPO HOOK,https://www.instagram.com/alexgamblecoach/reel/C60q1FPPrLW/,893,,No
Have you ever tried to (insert action) something that was supposed to look like this but ended up looking like this.,STORYTELLING INSPO HOOK,https://www.instagram.com/p/DHo4Lj7sXlc/,89,,No
There is nothing more embarrassing than X,STORYTELLING INSPO HOOK,https://www.instagram.com/reel/C_s9nCBvHTE/,655,,No
We have never used (insert noun) in our home because we have found it to be generally (insert trait/traits).,EDUCATIONAL INSPO HOOK,https://www.instagram.com/p/DGF_p8lORgI/,1,,No
Putting you on brands you may have never heard of.,EDUCATIONAL INSPO HOOK,https://www.instagram.com/reel/DIOvPayMKgS/,115,,No
When I was (insert description) I was always (insert bad habit).,STORYTELLING INSPO HOOK,https://www.instagram.com/p/CzevtHvyxxX/,593,,No
X years ago we decided we wanted to know exactly where our (insert noun) was coming from.,STORYTELLING INSPO HOOK,https://www.instagram.com/reel/DGly7tKRY0I/,16,,No
I am revmong all my (insert noun) friendly upgrades before we (insert action). Today we are removing (insert noun).,STORYTELLING INSPO HOOK,https://www.instagram.com/reel/DAXBKELOkLP/,771,,No